[{"__symbolic":"module","version":3,"metadata":{"ComponentLoader":{"__symbolic":"class","arity":1,"members":{"__ctor__":[{"__symbolic":"constructor","parameters":[{"__symbolic":"reference","module":"@angular/core","name":"ViewContainerRef"},{"__symbolic":"reference","module":"@angular/core","name":"Renderer"},{"__symbolic":"reference","module":"@angular/core","name":"ElementRef"},{"__symbolic":"reference","module":"@angular/core","name":"Injector"},{"__symbolic":"reference","module":"@angular/core","name":"ComponentFactoryResolver"},{"__symbolic":"reference","module":"@angular/core","name":"NgZone"},{"__symbolic":"reference","module":"@angular/core","name":"ApplicationRef"},{"__symbolic":"reference","module":"../positioning","name":"PositioningService"}]}],"attach":[{"__symbolic":"method"}],"to":[{"__symbolic":"method"}],"position":[{"__symbolic":"method"}],"provide":[{"__symbolic":"method"}],"show":[{"__symbolic":"method"}],"hide":[{"__symbolic":"method"}],"toggle":[{"__symbolic":"method"}],"dispose":[{"__symbolic":"method"}],"listen":[{"__symbolic":"method"}],"_removeGlobalListener":[{"__symbolic":"method"}],"attachInline":[{"__symbolic":"method"}],"_registerOutsideClick":[{"__symbolic":"method"}],"getInnerComponent":[{"__symbolic":"method"}],"_subscribePositioning":[{"__symbolic":"method"}],"_unsubscribePositioning":[{"__symbolic":"method"}],"_getContentRef":[{"__symbolic":"method"}]}}}},{"__symbolic":"module","version":1,"metadata":{"ComponentLoader":{"__symbolic":"class","arity":1,"members":{"__ctor__":[{"__symbolic":"constructor","parameters":[{"__symbolic":"reference","module":"@angular/core","name":"ViewContainerRef"},{"__symbolic":"reference","module":"@angular/core","name":"Renderer"},{"__symbolic":"reference","module":"@angular/core","name":"ElementRef"},{"__symbolic":"reference","module":"@angular/core","name":"Injector"},{"__symbolic":"reference","module":"@angular/core","name":"ComponentFactoryResolver"},{"__symbolic":"reference","module":"@angular/core","name":"NgZone"},{"__symbolic":"reference","module":"@angular/core","name":"ApplicationRef"},{"__symbolic":"reference","module":"../positioning","name":"PositioningService"}]}],"attach":[{"__symbolic":"method"}],"to":[{"__symbolic":"method"}],"position":[{"__symbolic":"method"}],"provide":[{"__symbolic":"method"}],"show":[{"__symbolic":"method"}],"hide":[{"__symbolic":"method"}],"toggle":[{"__symbolic":"method"}],"dispose":[{"__symbolic":"method"}],"listen":[{"__symbolic":"method"}],"_removeGlobalListener":[{"__symbolic":"method"}],"attachInline":[{"__symbolic":"method"}],"_registerOutsideClick":[{"__symbolic":"method"}],"getInnerComponent":[{"__symbolic":"method"}],"_subscribePositioning":[{"__symbolic":"method"}],"_unsubscribePositioning":[{"__symbolic":"method"}],"_getContentRef":[{"__symbolic":"method"}]}}}}]