[{"__symbolic":"module","version":3,"metadata":{"ComponentLoaderFactory":{"__symbolic":"class","decorators":[{"__symbolic":"call","expression":{"__symbolic":"reference","module":"@angular/core","name":"Injectable"}}],"members":{"__ctor__":[{"__symbolic":"constructor","parameters":[{"__symbolic":"reference","module":"@angular/core","name":"ComponentFactoryResolver"},{"__symbolic":"reference","module":"@angular/core","name":"NgZone"},{"__symbolic":"reference","module":"@angular/core","name":"Injector"},{"__symbolic":"reference","module":"../positioning","name":"PositioningService"},{"__symbolic":"reference","module":"@angular/core","name":"ApplicationRef"}]}],"createLoader":[{"__symbolic":"method"}]}}}},{"__symbolic":"module","version":1,"metadata":{"ComponentLoaderFactory":{"__symbolic":"class","decorators":[{"__symbolic":"call","expression":{"__symbolic":"reference","module":"@angular/core","name":"Injectable"}}],"members":{"__ctor__":[{"__symbolic":"constructor","parameters":[{"__symbolic":"reference","module":"@angular/core","name":"ComponentFactoryResolver"},{"__symbolic":"reference","module":"@angular/core","name":"NgZone"},{"__symbolic":"reference","module":"@angular/core","name":"Injector"},{"__symbolic":"reference","module":"../positioning","name":"PositioningService"},{"__symbolic":"reference","module":"@angular/core","name":"ApplicationRef"}]}],"createLoader":[{"__symbolic":"method"}]}}}}]