[{"__symbolic":"module","version":3,"metadata":{"ContentRef":{"__symbolic":"class","members":{"__ctor__":[{"__symbolic":"constructor","parameters":[{"__symbolic":"reference","name":"Array","arguments":[{"__symbolic":"reference","name":"any"}]},{"__symbolic":"reference","module":"@angular/core","name":"ViewRef"},{"__symbolic":"reference","module":"@angular/core","name":"ComponentRef","arguments":[{"__symbolic":"reference","name":"any"}]}]}]}}}},{"__symbolic":"module","version":1,"metadata":{"ContentRef":{"__symbolic":"class","members":{"__ctor__":[{"__symbolic":"constructor","parameters":[{"__symbolic":"reference","name":"Array","arguments":[{"__symbolic":"reference","name":"any"}]},{"__symbolic":"reference","module":"@angular/core","name":"ViewRef"},{"__symbolic":"reference","module":"@angular/core","name":"ComponentRef","arguments":[{"__symbolic":"reference","name":"any"}]}]}]}}}}]