[{"__symbolic":"module","version":3,"metadata":{},"exports":[{"from":"./component-loader.class","export":["ComponentLoader"]},{"from":"./component-loader.factory","export":["ComponentLoaderFactory"]},{"from":"./content-ref.class","export":["ContentRef"]}]},{"__symbolic":"module","version":1,"metadata":{},"exports":[{"from":"./component-loader.class","export":["ComponentLoader"]},{"from":"./component-loader.factory","export":["ComponentLoaderFactory"]},{"from":"./content-ref.class","export":["ContentRef"]}]}]