{"__symbolic":"module","version":3,"metadata":{"A11yModule":{"__symbolic":"class","decorators":[{"__symbolic":"call","expression":{"__symbolic":"reference","module":"@angular/core","name":"NgModule"},"arguments":[{"imports":[{"__symbolic":"reference","module":"@angular/common","name":"CommonModule"},{"__symbolic":"reference","module":"@angular/cdk/platform","name":"PlatformModule"}],"declarations":[{"__symbolic":"reference","name":"FocusTrapDirective"},{"__symbolic":"reference","name":"FocusTrapDeprecatedDirective"}],"exports":[{"__symbolic":"reference","name":"FocusTrapDirective"},{"__symbolic":"reference","name":"FocusTrapDeprecatedDirective"}],"providers":[{"__symbolic":"reference","name":"InteractivityChecker"},{"__symbolic":"reference","name":"FocusTrapFactory"},{"__symbolic":"reference","name":"LIVE_ANNOUNCER_PROVIDER"}]}]}],"members":{}},"LIVE_ANNOUNCER_ELEMENT_TOKEN":{"__symbolic":"new","expression":{"__symbolic":"reference","module":"@angular/core","name":"InjectionToken"},"arguments":["liveAnnouncerElement"]},"LiveAnnouncer":{"__symbolic":"class","decorators":[{"__symbolic":"call","expression":{"__symbolic":"reference","module":"@angular/core","name":"Injectable"}}],"members":{"__ctor__":[{"__symbolic":"constructor","parameterDecorators":[[{"__symbolic":"call","expression":{"__symbolic":"reference","module":"@angular/core","name":"Optional"}},{"__symbolic":"call","expression":{"__symbolic":"reference","module":"@angular/core","name":"Inject"},"arguments":[{"__symbolic":"reference","name":"LIVE_ANNOUNCER_ELEMENT_TOKEN"}]}],null],"parameters":[{"__symbolic":"reference","name":"any"},{"__symbolic":"reference","module":"@angular/cdk/platform","name":"Platform"}]}],"announce":[{"__symbolic":"method"}],"ngOnDestroy":[{"__symbolic":"method"}],"_createLiveElement":[{"__symbolic":"method"}]}},"LIVE_ANNOUNCER_PROVIDER_FACTORY":{"__symbolic":"function","parameters":["parentDispatcher","liveElement","platform"],"value":{"__symbolic":"binop","operator":"||","left":{"__symbolic":"reference","name":"parentDispatcher"},"right":{"__symbolic":"new","expression":{"__symbolic":"reference","name":"LiveAnnouncer"},"arguments":[{"__symbolic":"reference","name":"liveElement"},{"__symbolic":"reference","name":"platform"}]}}},"LIVE_ANNOUNCER_PROVIDER":{"provide":{"__symbolic":"reference","name":"LiveAnnouncer"},"deps":[[{"__symbolic":"new","expression":{"__symbolic":"reference","module":"@angular/core","name":"Optional"}},{"__symbolic":"new","expression":{"__symbolic":"reference","module":"@angular/core","name":"SkipSelf"}},{"__symbolic":"reference","name":"LiveAnnouncer"}],[{"__symbolic":"new","expression":{"__symbolic":"reference","module":"@angular/core","name":"Optional"}},{"__symbolic":"new","expression":{"__symbolic":"reference","module":"@angular/core","name":"Inject"},"arguments":[{"__symbolic":"reference","name":"LIVE_ANNOUNCER_ELEMENT_TOKEN"}]}],{"__symbolic":"reference","module":"@angular/cdk/platform","name":"Platform"}],"useFactory":{"__symbolic":"reference","name":"LIVE_ANNOUNCER_PROVIDER_FACTORY"}},"isFakeMousedownFromScreenReader":{"__symbolic":"function","parameters":["event"],"value":{"__symbolic":"binop","operator":"===","left":{"__symbolic":"select","expression":{"__symbolic":"reference","name":"event"},"member":"buttons"},"right":0}},"FocusTrap":{"__symbolic":"class","members":{"__ctor__":[{"__symbolic":"constructor","parameters":[{"__symbolic":"error","message":"Could not resolve type","line":47,"character":22,"context":{"typeName":"HTMLElement"},"module":"./focus-trap"},{"__symbolic":"reference","module":"@angular/cdk/platform","name":"Platform"},{"__symbolic":"reference","name":"InteractivityChecker"},{"__symbolic":"reference","module":"@angular/core","name":"NgZone"},null]}],"destroy":[{"__symbolic":"method"}],"attachAnchors":[{"__symbolic":"method"}],"focusInitialElementWhenReady":[{"__symbolic":"method"}],"focusFirstTabbableElementWhenReady":[{"__symbolic":"method"}],"focusLastTabbableElementWhenReady":[{"__symbolic":"method"}],"_getRegionBoundary":[{"__symbolic":"method"}],"focusInitialElement":[{"__symbolic":"method"}],"focusFirstTabbableElement":[{"__symbolic":"method"}],"focusLastTabbableElement":[{"__symbolic":"method"}],"_getFirstTabbableElement":[{"__symbolic":"method"}],"_getLastTabbableElement":[{"__symbolic":"method"}],"_createAnchor":[{"__symbolic":"method"}],"_executeOnStable":[{"__symbolic":"method"}]}},"FocusTrapFactory":{"__symbolic":"class","decorators":[{"__symbolic":"call","expression":{"__symbolic":"reference","module":"@angular/core","name":"Injectable"}}],"members":{"__ctor__":[{"__symbolic":"constructor","parameters":[{"__symbolic":"reference","name":"InteractivityChecker"},{"__symbolic":"reference","module":"@angular/cdk/platform","name":"Platform"},{"__symbolic":"reference","module":"@angular/core","name":"NgZone"}]}],"create":[{"__symbolic":"method"}]}},"FocusTrapDeprecatedDirective":{"__symbolic":"class","decorators":[{"__symbolic":"call","expression":{"__symbolic":"reference","module":"@angular/core","name":"Directive"},"arguments":[{"selector":"cdk-focus-trap"}]}],"members":{"disabled":[{"__symbolic":"property","decorators":[{"__symbolic":"call","expression":{"__symbolic":"reference","module":"@angular/core","name":"Input"}}]}],"__ctor__":[{"__symbolic":"constructor","parameters":[{"__symbolic":"reference","module":"@angular/core","name":"ElementRef"},{"__symbolic":"reference","name":"FocusTrapFactory"}]}],"ngOnDestroy":[{"__symbolic":"method"}],"ngAfterContentInit":[{"__symbolic":"method"}]}},"FocusTrapDirective":{"__symbolic":"class","decorators":[{"__symbolic":"call","expression":{"__symbolic":"reference","module":"@angular/core","name":"Directive"},"arguments":[{"selector":"[cdkTrapFocus]","exportAs":"cdkTrapFocus"}]}],"members":{"enabled":[{"__symbolic":"property","decorators":[{"__symbolic":"call","expression":{"__symbolic":"reference","module":"@angular/core","name":"Input"},"arguments":["cdkTrapFocus"]}]}],"__ctor__":[{"__symbolic":"constructor","parameters":[{"__symbolic":"reference","module":"@angular/core","name":"ElementRef"},{"__symbolic":"reference","name":"FocusTrapFactory"}]}],"ngOnDestroy":[{"__symbolic":"method"}],"ngAfterContentInit":[{"__symbolic":"method"}]}},"InteractivityChecker":{"__symbolic":"class","decorators":[{"__symbolic":"call","expression":{"__symbolic":"reference","module":"@angular/core","name":"Injectable"}}],"members":{"__ctor__":[{"__symbolic":"constructor","parameters":[{"__symbolic":"reference","module":"@angular/cdk/platform","name":"Platform"}]}],"isDisabled":[{"__symbolic":"method"}],"isVisible":[{"__symbolic":"method"}],"isTabbable":[{"__symbolic":"method"}],"isFocusable":[{"__symbolic":"method"}]}},"ListKeyManagerOption":{"__symbolic":"interface"},"ListKeyManager":{"__symbolic":"class","arity":1,"members":{"__ctor__":[{"__symbolic":"constructor","parameters":[{"__symbolic":"reference","name":"QueryList","module":"@angular/core","arguments":[{"__symbolic":"error","message":"Could not resolve type","line":36,"character":40,"context":{"typeName":"T"},"module":"./list-key-manager"}]}]}],"withWrap":[{"__symbolic":"method"}],"withTypeAhead":[{"__symbolic":"method"}],"setActiveItem":[{"__symbolic":"method"}],"onKeydown":[{"__symbolic":"method"}],"setFirstItemActive":[{"__symbolic":"method"}],"setLastItemActive":[{"__symbolic":"method"}],"setNextItemActive":[{"__symbolic":"method"}],"setPreviousItemActive":[{"__symbolic":"method"}],"updateActiveItemIndex":[{"__symbolic":"method"}],"_setActiveItemByDelta":[{"__symbolic":"method"}],"_setActiveInWrapMode":[{"__symbolic":"method"}],"_setActiveInDefaultMode":[{"__symbolic":"method"}],"_setActiveItemByIndex":[{"__symbolic":"method"}]}},"Highlightable":{"__symbolic":"interface"},"ActiveDescendantKeyManager":{"__symbolic":"class","arity":1,"extends":{"__symbolic":"reference","name":"ListKeyManager"},"members":{"setActiveItem":[{"__symbolic":"method"}]}},"FocusableOption":{"__symbolic":"interface"},"FocusKeyManager":{"__symbolic":"class","arity":1,"extends":{"__symbolic":"reference","name":"ListKeyManager"},"members":{"setActiveItem":[{"__symbolic":"method"}]}}},"origins":{"A11yModule":"./public_api","LIVE_ANNOUNCER_ELEMENT_TOKEN":"./live-announcer","LiveAnnouncer":"./live-announcer","LIVE_ANNOUNCER_PROVIDER_FACTORY":"./live-announcer","LIVE_ANNOUNCER_PROVIDER":"./live-announcer","isFakeMousedownFromScreenReader":"./fake-mousedown","FocusTrap":"./focus-trap","FocusTrapFactory":"./focus-trap","FocusTrapDeprecatedDirective":"./focus-trap","FocusTrapDirective":"./focus-trap","InteractivityChecker":"./interactivity-checker","ListKeyManagerOption":"./list-key-manager","ListKeyManager":"./list-key-manager","Highlightable":"./activedescendant-key-manager","ActiveDescendantKeyManager":"./activedescendant-key-manager","FocusableOption":"./focus-key-manager","FocusKeyManager":"./focus-key-manager"},"importAs":"@angular/cdk/a11y"}