{"__symbolic":"module","version":3,"metadata":{"MdMutationObserverFactory":{"__symbolic":"class","decorators":[{"__symbolic":"call","expression":{"__symbolic":"reference","module":"@angular/core","name":"Injectable"}}],"members":{"create":[{"__symbolic":"method"}]}},"ObserveContent":{"__symbolic":"class","decorators":[{"__symbolic":"call","expression":{"__symbolic":"reference","module":"@angular/core","name":"Directive"},"arguments":[{"selector":"[cdkObserveContent]"}]}],"members":{"event":[{"__symbolic":"property","decorators":[{"__symbolic":"call","expression":{"__symbolic":"reference","module":"@angular/core","name":"Output"},"arguments":["cdkObserveContent"]}]}],"debounce":[{"__symbolic":"property","decorators":[{"__symbolic":"call","expression":{"__symbolic":"reference","module":"@angular/core","name":"Input"}}]}],"__ctor__":[{"__symbolic":"constructor","parameters":[{"__symbolic":"reference","name":"MdMutationObserverFactory"},{"__symbolic":"reference","module":"@angular/core","name":"ElementRef"},{"__symbolic":"reference","module":"@angular/core","name":"NgZone"}]}],"ngAfterContentInit":[{"__symbolic":"method"}],"ngOnDestroy":[{"__symbolic":"method"}]}},"ObserversModule":{"__symbolic":"class","decorators":[{"__symbolic":"call","expression":{"__symbolic":"reference","module":"@angular/core","name":"NgModule"},"arguments":[{"exports":[{"__symbolic":"reference","name":"ObserveContent"}],"declarations":[{"__symbolic":"reference","name":"ObserveContent"}],"providers":[{"__symbolic":"reference","name":"MdMutationObserverFactory"}]}]}],"members":{}}},"origins":{"MdMutationObserverFactory":"./observe-content","ObserveContent":"./observe-content","ObserversModule":"./observe-content"},"importAs":"@angular/cdk/observers"}