[{"__symbolic":"module","version":3,"metadata":{"PositioningOptions":{"__symbolic":"interface"},"PositioningService":{"__symbolic":"class","decorators":[{"__symbolic":"call","expression":{"__symbolic":"reference","module":"@angular/core","name":"Injectable"}}],"members":{"position":[{"__symbolic":"method"}],"_getHtmlElement":[{"__symbolic":"method"}]}}}},{"__symbolic":"module","version":1,"metadata":{"PositioningOptions":{"__symbolic":"interface"},"PositioningService":{"__symbolic":"class","decorators":[{"__symbolic":"call","expression":{"__symbolic":"reference","module":"@angular/core","name":"Injectable"}}],"members":{"position":[{"__symbolic":"method"}],"_getHtmlElement":[{"__symbolic":"method"}]}}}}]