{"__symbolic":"module","version":3,"metadata":{"coerceBooleanProperty":{"__symbolic":"function","parameters":["value"],"value":{"__symbolic":"binop","operator":"&&","left":{"__symbolic":"binop","operator":"!=","left":{"__symbolic":"reference","name":"value"},"right":null},"right":{"__symbolic":"binop","operator":"!==","left":{"__symbolic":"reference","name":"value"},"right":"false"}}},"coerceNumberProperty":{"__symbolic":"function","parameters":["value","fallbackValue"],"defaults":[null,0],"value":{"__symbolic":"if","condition":{"__symbolic":"binop","operator":"||","left":{"__symbolic":"call","expression":{"__symbolic":"reference","name":"isNaN"},"arguments":[{"__symbolic":"call","expression":{"__symbolic":"reference","name":"parseFloat"},"arguments":[{"__symbolic":"reference","name":"value"}]}]},"right":{"__symbolic":"call","expression":{"__symbolic":"reference","name":"isNaN"},"arguments":[{"__symbolic":"call","expression":{"__symbolic":"reference","name":"Number"},"arguments":[{"__symbolic":"reference","name":"value"}]}]}},"thenExpression":{"__symbolic":"reference","name":"fallbackValue"},"elseExpression":{"__symbolic":"call","expression":{"__symbolic":"reference","name":"Number"},"arguments":[{"__symbolic":"reference","name":"value"}]}}}},"origins":{"coerceBooleanProperty":"./boolean-property","coerceNumberProperty":"./number-property"},"importAs":"@angular/cdk/coercion"}