[{"__symbolic":"module","version":3,"metadata":{"BsModalService":{"__symbolic":"class","decorators":[{"__symbolic":"call","expression":{"__symbolic":"reference","module":"@angular/core","name":"Injectable"}}],"members":{"__ctor__":[{"__symbolic":"constructor","parameters":[{"__symbolic":"reference","module":"../component-loader/component-loader.factory","name":"ComponentLoaderFactory"}]}],"show":[{"__symbolic":"method"}],"hide":[{"__symbolic":"method"}],"_showBackdrop":[{"__symbolic":"method"}],"_hideBackdrop":[{"__symbolic":"method"}],"_showModal":[{"__symbolic":"method"}],"_hideModal":[{"__symbolic":"method"}],"getModalsCount":[{"__symbolic":"method"}],"setDismissReason":[{"__symbolic":"method"}],"removeBackdrop":[{"__symbolic":"method"}],"checkScrollbar":[{"__symbolic":"method"}],"setScrollbar":[{"__symbolic":"method"}],"resetScrollbar":[{"__symbolic":"method"}],"getScrollbarWidth":[{"__symbolic":"method"}],"_createLoaders":[{"__symbolic":"method"}],"removeLoaders":[{"__symbolic":"method"}],"copyEvent":[{"__symbolic":"method"}]}}}},{"__symbolic":"module","version":1,"metadata":{"BsModalService":{"__symbolic":"class","decorators":[{"__symbolic":"call","expression":{"__symbolic":"reference","module":"@angular/core","name":"Injectable"}}],"members":{"__ctor__":[{"__symbolic":"constructor","parameters":[{"__symbolic":"reference","module":"../component-loader/component-loader.factory","name":"ComponentLoaderFactory"}]}],"show":[{"__symbolic":"method"}],"hide":[{"__symbolic":"method"}],"_showBackdrop":[{"__symbolic":"method"}],"_hideBackdrop":[{"__symbolic":"method"}],"_showModal":[{"__symbolic":"method"}],"_hideModal":[{"__symbolic":"method"}],"getModalsCount":[{"__symbolic":"method"}],"setDismissReason":[{"__symbolic":"method"}],"removeBackdrop":[{"__symbolic":"method"}],"checkScrollbar":[{"__symbolic":"method"}],"setScrollbar":[{"__symbolic":"method"}],"resetScrollbar":[{"__symbolic":"method"}],"getScrollbarWidth":[{"__symbolic":"method"}],"_createLoaders":[{"__symbolic":"method"}],"removeLoaders":[{"__symbolic":"method"}],"copyEvent":[{"__symbolic":"method"}]}}}}]