[{"__symbolic":"module","version":3,"metadata":{},"exports":[{"from":"./modal-container.component","export":["ModalContainerComponent"]},{"from":"./modal-backdrop.component","export":["ModalBackdropComponent","ModalBackdropOptions"]},{"from":"./modal-options.class","export":["ModalOptions","BsModalRef"]},{"from":"./modal.component","export":["ModalDirective"]},{"from":"./modal.module","export":["ModalModule"]},{"from":"./bs-modal.service","export":["BsModalService"]}]},{"__symbolic":"module","version":1,"metadata":{},"exports":[{"from":"./modal-container.component","export":["ModalContainerComponent"]},{"from":"./modal-backdrop.component","export":["ModalBackdropComponent","ModalBackdropOptions"]},{"from":"./modal-options.class","export":["ModalOptions","BsModalRef"]},{"from":"./modal.component","export":["ModalDirective"]},{"from":"./modal.module","export":["ModalModule"]},{"from":"./bs-modal.service","export":["BsModalService"]}]}]