[{"__symbolic":"module","version":3,"metadata":{"ModalDirective":{"__symbolic":"class","decorators":[{"__symbolic":"call","expression":{"__symbolic":"reference","module":"@angular/core","name":"Directive"},"arguments":[{"selector":"[bsModal]","exportAs":"bs-modal"}]}],"members":{"config":[{"__symbolic":"property","decorators":[{"__symbolic":"call","expression":{"__symbolic":"reference","module":"@angular/core","name":"Input"}}]}],"onShow":[{"__symbolic":"property","decorators":[{"__symbolic":"call","expression":{"__symbolic":"reference","module":"@angular/core","name":"Output"}}]}],"onShown":[{"__symbolic":"property","decorators":[{"__symbolic":"call","expression":{"__symbolic":"reference","module":"@angular/core","name":"Output"}}]}],"onHide":[{"__symbolic":"property","decorators":[{"__symbolic":"call","expression":{"__symbolic":"reference","module":"@angular/core","name":"Output"}}]}],"onHidden":[{"__symbolic":"property","decorators":[{"__symbolic":"call","expression":{"__symbolic":"reference","module":"@angular/core","name":"Output"}}]}],"onClick":[{"__symbolic":"method","decorators":[{"__symbolic":"call","expression":{"__symbolic":"reference","module":"@angular/core","name":"HostListener"},"arguments":["click",["$event"]]}]}],"onEsc":[{"__symbolic":"method","decorators":[{"__symbolic":"call","expression":{"__symbolic":"reference","module":"@angular/core","name":"HostListener"},"arguments":["keydown.esc"]}]}],"__ctor__":[{"__symbolic":"constructor","parameters":[{"__symbolic":"reference","module":"@angular/core","name":"ElementRef"},{"__symbolic":"reference","module":"@angular/core","name":"ViewContainerRef"},{"__symbolic":"reference","module":"@angular/core","name":"Renderer"},{"__symbolic":"reference","module":"../component-loader/component-loader.factory","name":"ComponentLoaderFactory"}]}],"ngOnDestroy":[{"__symbolic":"method"}],"ngAfterViewInit":[{"__symbolic":"method"}],"toggle":[{"__symbolic":"method"}],"show":[{"__symbolic":"method"}],"hide":[{"__symbolic":"method"}],"getConfig":[{"__symbolic":"method"}],"showElement":[{"__symbolic":"method"}],"hideModal":[{"__symbolic":"method"}],"showBackdrop":[{"__symbolic":"method"}],"removeBackdrop":[{"__symbolic":"method"}],"focusOtherModal":[{"__symbolic":"method"}],"resetAdjustments":[{"__symbolic":"method"}],"checkScrollbar":[{"__symbolic":"method"}],"setScrollbar":[{"__symbolic":"method"}],"resetScrollbar":[{"__symbolic":"method"}],"getScrollbarWidth":[{"__symbolic":"method"}]}}}},{"__symbolic":"module","version":1,"metadata":{"ModalDirective":{"__symbolic":"class","decorators":[{"__symbolic":"call","expression":{"__symbolic":"reference","module":"@angular/core","name":"Directive"},"arguments":[{"selector":"[bsModal]","exportAs":"bs-modal"}]}],"members":{"config":[{"__symbolic":"property","decorators":[{"__symbolic":"call","expression":{"__symbolic":"reference","module":"@angular/core","name":"Input"}}]}],"onShow":[{"__symbolic":"property","decorators":[{"__symbolic":"call","expression":{"__symbolic":"reference","module":"@angular/core","name":"Output"}}]}],"onShown":[{"__symbolic":"property","decorators":[{"__symbolic":"call","expression":{"__symbolic":"reference","module":"@angular/core","name":"Output"}}]}],"onHide":[{"__symbolic":"property","decorators":[{"__symbolic":"call","expression":{"__symbolic":"reference","module":"@angular/core","name":"Output"}}]}],"onHidden":[{"__symbolic":"property","decorators":[{"__symbolic":"call","expression":{"__symbolic":"reference","module":"@angular/core","name":"Output"}}]}],"onClick":[{"__symbolic":"method","decorators":[{"__symbolic":"call","expression":{"__symbolic":"reference","module":"@angular/core","name":"HostListener"},"arguments":["click",["$event"]]}]}],"onEsc":[{"__symbolic":"method","decorators":[{"__symbolic":"call","expression":{"__symbolic":"reference","module":"@angular/core","name":"HostListener"},"arguments":["keydown.esc"]}]}],"__ctor__":[{"__symbolic":"constructor","parameters":[{"__symbolic":"reference","module":"@angular/core","name":"ElementRef"},{"__symbolic":"reference","module":"@angular/core","name":"ViewContainerRef"},{"__symbolic":"reference","module":"@angular/core","name":"Renderer"},{"__symbolic":"reference","module":"../component-loader/component-loader.factory","name":"ComponentLoaderFactory"}]}],"ngOnDestroy":[{"__symbolic":"method"}],"ngAfterViewInit":[{"__symbolic":"method"}],"toggle":[{"__symbolic":"method"}],"show":[{"__symbolic":"method"}],"hide":[{"__symbolic":"method"}],"getConfig":[{"__symbolic":"method"}],"showElement":[{"__symbolic":"method"}],"hideModal":[{"__symbolic":"method"}],"showBackdrop":[{"__symbolic":"method"}],"removeBackdrop":[{"__symbolic":"method"}],"focusOtherModal":[{"__symbolic":"method"}],"resetAdjustments":[{"__symbolic":"method"}],"checkScrollbar":[{"__symbolic":"method"}],"setScrollbar":[{"__symbolic":"method"}],"resetScrollbar":[{"__symbolic":"method"}],"getScrollbarWidth":[{"__symbolic":"method"}]}}}}]