[{"__symbolic":"module","version":3,"metadata":{"ModalOptions":{"__symbolic":"class","decorators":[{"__symbolic":"call","expression":{"__symbolic":"reference","module":"@angular/core","name":"Injectable"}}]},"BsModalRef":{"__symbolic":"class","decorators":[{"__symbolic":"call","expression":{"__symbolic":"reference","module":"@angular/core","name":"Injectable"}}],"members":{"hide":[{"__symbolic":"method"}]}},"modalConfigDefaults":{"backdrop":true,"keyboard":true,"focus":true,"show":false,"ignoreBackdropClick":false,"class":"","animated":true},"ClassName":{"SCROLLBAR_MEASURER":"modal-scrollbar-measure","BACKDROP":"modal-backdrop","OPEN":"modal-open","FADE":"fade","IN":"in","SHOW":"show"},"Selector":{"DIALOG":".modal-dialog","DATA_TOGGLE":"[data-toggle=\"modal\"]","DATA_DISMISS":"[data-dismiss=\"modal\"]","FIXED_CONTENT":".navbar-fixed-top, .navbar-fixed-bottom, .is-fixed"},"TransitionDurations":{"MODAL":300,"BACKDROP":150},"DISMISS_REASONS":{"BACKRDOP":"backdrop-click","ESC":"esc"}}},{"__symbolic":"module","version":1,"metadata":{"ModalOptions":{"__symbolic":"class","decorators":[{"__symbolic":"call","expression":{"__symbolic":"reference","module":"@angular/core","name":"Injectable"}}]},"BsModalRef":{"__symbolic":"class","decorators":[{"__symbolic":"call","expression":{"__symbolic":"reference","module":"@angular/core","name":"Injectable"}}],"members":{"hide":[{"__symbolic":"method"}]}},"modalConfigDefaults":{"backdrop":true,"keyboard":true,"focus":true,"show":false,"ignoreBackdropClick":false,"class":"","animated":true},"ClassName":{"SCROLLBAR_MEASURER":"modal-scrollbar-measure","BACKDROP":"modal-backdrop","OPEN":"modal-open","FADE":"fade","IN":"in","SHOW":"show"},"Selector":{"DIALOG":".modal-dialog","DATA_TOGGLE":"[data-toggle=\"modal\"]","DATA_DISMISS":"[data-dismiss=\"modal\"]","FIXED_CONTENT":".navbar-fixed-top, .navbar-fixed-bottom, .is-fixed"},"TransitionDurations":{"MODAL":300,"BACKDROP":150},"DISMISS_REASONS":{"BACKRDOP":"backdrop-click","ESC":"esc"}}}]