[{"__symbolic":"module","version":3,"metadata":{"ModalModule":{"__symbolic":"class","decorators":[{"__symbolic":"call","expression":{"__symbolic":"reference","module":"@angular/core","name":"NgModule"},"arguments":[{"declarations":[{"__symbolic":"reference","module":"./modal-backdrop.component","name":"ModalBackdropComponent"},{"__symbolic":"reference","module":"./modal.component","name":"ModalDirective"},{"__symbolic":"reference","module":"./modal-container.component","name":"ModalContainerComponent"}],"exports":[{"__symbolic":"reference","module":"./modal-backdrop.component","name":"ModalBackdropComponent"},{"__symbolic":"reference","module":"./modal.component","name":"ModalDirective"}],"entryComponents":[{"__symbolic":"reference","module":"./modal-backdrop.component","name":"ModalBackdropComponent"},{"__symbolic":"reference","module":"./modal-container.component","name":"ModalContainerComponent"}]}]}],"statics":{"forRoot":{"__symbolic":"function","parameters":[],"value":{"ngModule":{"__symbolic":"reference","name":"ModalModule"},"providers":[{"__symbolic":"reference","module":"./bs-modal.service","name":"BsModalService"},{"__symbolic":"reference","module":"../component-loader","name":"ComponentLoaderFactory"},{"__symbolic":"reference","module":"../positioning","name":"PositioningService"}]}}}}}},{"__symbolic":"module","version":1,"metadata":{"ModalModule":{"__symbolic":"class","decorators":[{"__symbolic":"call","expression":{"__symbolic":"reference","module":"@angular/core","name":"NgModule"},"arguments":[{"declarations":[{"__symbolic":"reference","module":"./modal-backdrop.component","name":"ModalBackdropComponent"},{"__symbolic":"reference","module":"./modal.component","name":"ModalDirective"},{"__symbolic":"reference","module":"./modal-container.component","name":"ModalContainerComponent"}],"exports":[{"__symbolic":"reference","module":"./modal-backdrop.component","name":"ModalBackdropComponent"},{"__symbolic":"reference","module":"./modal.component","name":"ModalDirective"}],"entryComponents":[{"__symbolic":"reference","module":"./modal-backdrop.component","name":"ModalBackdropComponent"},{"__symbolic":"reference","module":"./modal-container.component","name":"ModalContainerComponent"}]}]}],"statics":{"forRoot":{"__symbolic":"function","parameters":[],"value":{"ngModule":{"__symbolic":"reference","name":"ModalModule"},"providers":[{"__symbolic":"reference","module":"./bs-modal.service","name":"BsModalService"},{"__symbolic":"reference","module":"../component-loader","name":"ComponentLoaderFactory"},{"__symbolic":"reference","module":"../positioning","name":"PositioningService"}]}}}}}}]