[{"__symbolic":"module","version":3,"metadata":{"ModalBackdropOptions":{"__symbolic":"class","members":{"__ctor__":[{"__symbolic":"constructor","parameters":[{"__symbolic":"reference","name":"ModalBackdropOptions"}]}]}},"ModalBackdropComponent":{"__symbolic":"class","decorators":[{"__symbolic":"call","expression":{"__symbolic":"reference","module":"@angular/core","name":"Component"},"arguments":[{"selector":"bs-modal-backdrop","template":"","host":{"class":{"__symbolic":"select","expression":{"__symbolic":"reference","module":"./modal-options.class","name":"ClassName"},"member":"BACKDROP"},"$quoted$":["class"]}}]}],"members":{"__ctor__":[{"__symbolic":"constructor","parameters":[{"__symbolic":"reference","module":"@angular/core","name":"ElementRef"},{"__symbolic":"reference","module":"@angular/core","name":"Renderer"}]}],"ngOnInit":[{"__symbolic":"method"}]}}}},{"__symbolic":"module","version":1,"metadata":{"ModalBackdropOptions":{"__symbolic":"class","members":{"__ctor__":[{"__symbolic":"constructor","parameters":[{"__symbolic":"reference","name":"ModalBackdropOptions"}]}]}},"ModalBackdropComponent":{"__symbolic":"class","decorators":[{"__symbolic":"call","expression":{"__symbolic":"reference","module":"@angular/core","name":"Component"},"arguments":[{"selector":"bs-modal-backdrop","template":"","host":{"class":{"__symbolic":"select","expression":{"__symbolic":"reference","module":"./modal-options.class","name":"ClassName"},"member":"BACKDROP"}}}]}],"members":{"__ctor__":[{"__symbolic":"constructor","parameters":[{"__symbolic":"reference","module":"@angular/core","name":"ElementRef"},{"__symbolic":"reference","module":"@angular/core","name":"Renderer"}]}],"ngOnInit":[{"__symbolic":"method"}]}}}}]