[{"__symbolic":"module","version":3,"metadata":{"BsCustomDates":{"__symbolic":"interface"},"BsCustomDatesViewComponent":{"__symbolic":"class","decorators":[{"__symbolic":"call","expression":{"__symbolic":"reference","module":"@angular/core","name":"Component"},"arguments":[{"selector":"bs-custom-date-view","template":"\n    <div class=\"bs-datepicker-predefined-btns\">\n      <button *ngFor=\"let range of ranges\">{{ range.label }}</button>\n      <button *ngIf=\"isCustomRangeShown\">Custom Range</button>\n    </div>\n  ","changeDetection":{"__symbolic":"select","expression":{"__symbolic":"reference","module":"@angular/core","name":"ChangeDetectionStrategy"},"member":"OnPush"}}]}],"members":{"isCustomRangeShown":[{"__symbolic":"property","decorators":[{"__symbolic":"call","expression":{"__symbolic":"reference","module":"@angular/core","name":"Input"}}]}],"ranges":[{"__symbolic":"property","decorators":[{"__symbolic":"call","expression":{"__symbolic":"reference","module":"@angular/core","name":"Input"}}]}]}}}},{"__symbolic":"module","version":1,"metadata":{"BsCustomDates":{"__symbolic":"interface"},"BsCustomDatesViewComponent":{"__symbolic":"class","decorators":[{"__symbolic":"call","expression":{"__symbolic":"reference","module":"@angular/core","name":"Component"},"arguments":[{"selector":"bs-custom-date-view","template":"\n    <div class=\"bs-datepicker-predefined-btns\">\n      <button *ngFor=\"let range of ranges\">{{ range.label }}</button>\n      <button *ngIf=\"isCustomRangeShown\">Custom Range</button>\n    </div>\n  ","changeDetection":{"__symbolic":"select","expression":{"__symbolic":"reference","module":"@angular/core","name":"ChangeDetectionStrategy"},"member":"OnPush"}}]}],"members":{"isCustomRangeShown":[{"__symbolic":"property","decorators":[{"__symbolic":"call","expression":{"__symbolic":"reference","module":"@angular/core","name":"Input"}}]}],"ranges":[{"__symbolic":"property","decorators":[{"__symbolic":"call","expression":{"__symbolic":"reference","module":"@angular/core","name":"Input"}}]}]}}}}]