[{"__symbolic":"module","version":3,"metadata":{"BsCalendarLayoutComponent":{"__symbolic":"class","decorators":[{"__symbolic":"call","expression":{"__symbolic":"reference","module":"@angular/core","name":"Component"},"arguments":[{"selector":"bs-calendar-layout","template":"\n    <!-- current date, will be added in nearest releases -->\n    <bs-current-date title=\"hey there\" *ngIf=\"false\"></bs-current-date>\n\n    <!--navigation-->\n    <div class=\"bs-datepicker-head\">\n      <ng-content select=\"bs-datepicker-navigation-view\"></ng-content>\n    </div>\n\n    <div class=\"bs-datepicker-body\">\n      <ng-content></ng-content>\n    </div>\n\n    <!--timepicker-->\n    <bs-timepicker *ngIf=\"false\"></bs-timepicker>\n  "}]}]}}},{"__symbolic":"module","version":1,"metadata":{"BsCalendarLayoutComponent":{"__symbolic":"class","decorators":[{"__symbolic":"call","expression":{"__symbolic":"reference","module":"@angular/core","name":"Component"},"arguments":[{"selector":"bs-calendar-layout","template":"\n    <!-- current date, will be added in nearest releases -->\n    <bs-current-date title=\"hey there\" *ngIf=\"false\"></bs-current-date>\n\n    <!--navigation-->\n    <div class=\"bs-datepicker-head\">\n      <ng-content select=\"bs-datepicker-navigation-view\"></ng-content>\n    </div>\n\n    <div class=\"bs-datepicker-body\">\n      <ng-content></ng-content>\n    </div>\n\n    <!--timepicker-->\n    <bs-timepicker *ngIf=\"false\"></bs-timepicker>\n  "}]}]}}}]