[{"__symbolic":"module","version":3,"metadata":{"BsCurrentDateViewComponent":{"__symbolic":"class","decorators":[{"__symbolic":"call","expression":{"__symbolic":"reference","module":"@angular/core","name":"Component"},"arguments":[{"selector":"bs-current-date","template":"<div class=\"current-timedate\"><span>{{ title }}</span></div>"}]}],"members":{"title":[{"__symbolic":"property","decorators":[{"__symbolic":"call","expression":{"__symbolic":"reference","module":"@angular/core","name":"Input"}}]}]}}}},{"__symbolic":"module","version":1,"metadata":{"BsCurrentDateViewComponent":{"__symbolic":"class","decorators":[{"__symbolic":"call","expression":{"__symbolic":"reference","module":"@angular/core","name":"Component"},"arguments":[{"selector":"bs-current-date","template":"<div class=\"current-timedate\"><span>{{ title }}</span></div>"}]}],"members":{"title":[{"__symbolic":"property","decorators":[{"__symbolic":"call","expression":{"__symbolic":"reference","module":"@angular/core","name":"Input"}}]}]}}}}]