[{"__symbolic":"module","version":3,"metadata":{"BsDatepickerNavigationViewComponent":{"__symbolic":"class","decorators":[{"__symbolic":"call","expression":{"__symbolic":"reference","module":"@angular/core","name":"Component"},"arguments":[{"selector":"bs-datepicker-navigation-view","changeDetection":{"__symbolic":"select","expression":{"__symbolic":"reference","module":"@angular/core","name":"ChangeDetectionStrategy"},"member":"OnPush"},"template":"\n    <button class=\"previous\"\n            [disabled]=\"calendar.disableLeftArrow\"\n            [style.visibility]=\"calendar.hideLeftArrow ? 'hidden' : 'visible'\"\n            (click)=\"navTo(true)\"><span>&lsaquo;</span>\n    </button>\n\n    <button class=\"current\"\n            *ngIf=\"calendar.monthTitle\"\n            (click)=\"view('month')\"\n    ><span>{{ calendar.monthTitle }}</span>\n    </button>\n\n    <button class=\"current\" (click)=\"view('year')\"\n    ><span>{{ calendar.yearTitle }}</span></button>\n\n    <button class=\"next\"\n            [disabled]=\"calendar.disableRightArrow\"\n            [style.visibility]=\"calendar.hideRightArrow ? 'hidden' : 'visible'\"\n            (click)=\"navTo(false)\"><span>&rsaquo;</span>\n    </button>\n  "}]}],"members":{"calendar":[{"__symbolic":"property","decorators":[{"__symbolic":"call","expression":{"__symbolic":"reference","module":"@angular/core","name":"Input"}}]}],"onNavigate":[{"__symbolic":"property","decorators":[{"__symbolic":"call","expression":{"__symbolic":"reference","module":"@angular/core","name":"Output"}}]}],"onViewMode":[{"__symbolic":"property","decorators":[{"__symbolic":"call","expression":{"__symbolic":"reference","module":"@angular/core","name":"Output"}}]}],"navTo":[{"__symbolic":"method"}],"view":[{"__symbolic":"method"}]}}}},{"__symbolic":"module","version":1,"metadata":{"BsDatepickerNavigationViewComponent":{"__symbolic":"class","decorators":[{"__symbolic":"call","expression":{"__symbolic":"reference","module":"@angular/core","name":"Component"},"arguments":[{"selector":"bs-datepicker-navigation-view","changeDetection":{"__symbolic":"select","expression":{"__symbolic":"reference","module":"@angular/core","name":"ChangeDetectionStrategy"},"member":"OnPush"},"template":"\n    <button class=\"previous\"\n            [disabled]=\"calendar.disableLeftArrow\"\n            [style.visibility]=\"calendar.hideLeftArrow ? 'hidden' : 'visible'\"\n            (click)=\"navTo(true)\"><span>&lsaquo;</span>\n    </button>\n\n    <button class=\"current\"\n            *ngIf=\"calendar.monthTitle\"\n            (click)=\"view('month')\"\n    ><span>{{ calendar.monthTitle }}</span>\n    </button>\n\n    <button class=\"current\" (click)=\"view('year')\"\n    ><span>{{ calendar.yearTitle }}</span></button>\n\n    <button class=\"next\"\n            [disabled]=\"calendar.disableRightArrow\"\n            [style.visibility]=\"calendar.hideRightArrow ? 'hidden' : 'visible'\"\n            (click)=\"navTo(false)\"><span>&rsaquo;</span>\n    </button>\n  "}]}],"members":{"calendar":[{"__symbolic":"property","decorators":[{"__symbolic":"call","expression":{"__symbolic":"reference","module":"@angular/core","name":"Input"}}]}],"onNavigate":[{"__symbolic":"property","decorators":[{"__symbolic":"call","expression":{"__symbolic":"reference","module":"@angular/core","name":"Output"}}]}],"onViewMode":[{"__symbolic":"property","decorators":[{"__symbolic":"call","expression":{"__symbolic":"reference","module":"@angular/core","name":"Output"}}]}],"navTo":[{"__symbolic":"method"}],"view":[{"__symbolic":"method"}]}}}}]