[{"__symbolic":"module","version":3,"metadata":{"BsDatepickerDayDecoratorComponent":{"__symbolic":"class","decorators":[{"__symbolic":"call","expression":{"__symbolic":"reference","module":"@angular/core","name":"Component"},"arguments":[{"selector":"[bsDatepickerDayDecorator]","changeDetection":{"__symbolic":"select","expression":{"__symbolic":"reference","module":"@angular/core","name":"ChangeDetectionStrategy"},"member":"OnPush"},"host":{"[class.disabled]":"day.isDisabled","[class.is-highlighted]":"day.isHovered","[class.is-other-month]":"day.isOtherMonth","[class.in-range]":"day.isInRange","[class.select-start]":"day.isSelectionStart","[class.select-end]":"day.isSelectionEnd","[class.selected]":"day.isSelected","$quoted$":["[class.disabled]","[class.is-highlighted]","[class.is-other-month]","[class.in-range]","[class.select-start]","[class.select-end]","[class.selected]"]},"template":"{{ day.label }}"}]}],"members":{"day":[{"__symbolic":"property","decorators":[{"__symbolic":"call","expression":{"__symbolic":"reference","module":"@angular/core","name":"Input"}}]}]}}}},{"__symbolic":"module","version":1,"metadata":{"BsDatepickerDayDecoratorComponent":{"__symbolic":"class","decorators":[{"__symbolic":"call","expression":{"__symbolic":"reference","module":"@angular/core","name":"Component"},"arguments":[{"selector":"[bsDatepickerDayDecorator]","changeDetection":{"__symbolic":"select","expression":{"__symbolic":"reference","module":"@angular/core","name":"ChangeDetectionStrategy"},"member":"OnPush"},"host":{"[class.disabled]":"day.isDisabled","[class.is-highlighted]":"day.isHovered","[class.is-other-month]":"day.isOtherMonth","[class.in-range]":"day.isInRange","[class.select-start]":"day.isSelectionStart","[class.select-end]":"day.isSelectionEnd","[class.selected]":"day.isSelected"},"template":"{{ day.label }}"}]}],"members":{"day":[{"__symbolic":"property","decorators":[{"__symbolic":"call","expression":{"__symbolic":"reference","module":"@angular/core","name":"Input"}}]}]}}}}]