[{"__symbolic":"module","version":3,"metadata":{"BsYearsCalendarViewComponent":{"__symbolic":"class","decorators":[{"__symbolic":"call","expression":{"__symbolic":"reference","module":"@angular/core","name":"Component"},"arguments":[{"selector":"bs-years-calendar-view","template":"\n    <bs-calendar-layout>\n      <bs-datepicker-navigation-view\n        [calendar]=\"calendar\"\n        (onNavigate)=\"navigateTo($event)\"\n        (onViewMode)=\"changeViewMode($event)\"\n      ></bs-datepicker-navigation-view>\n\n      <table role=\"grid\" class=\"years\">\n        <tbody>\n        <tr *ngFor=\"let row of calendar.years\">\n          <td *ngFor=\"let year of row\" role=\"gridcell\"\n              (click)=\"viewYear(year)\"\n              (mouseenter)=\"hoverYear(year, true)\"\n              (mouseleave)=\"hoverYear(year, false)\"\n              [class.disabled]=\"year.isDisabled\"\n              [class.is-highlighted]=\"year.isHovered\">\n            <span>{{ year.label }}</span>\n          </td>\n        </tr>\n        </tbody>\n      </table>\n    </bs-calendar-layout>\n  "}]}],"members":{"calendar":[{"__symbolic":"property","decorators":[{"__symbolic":"call","expression":{"__symbolic":"reference","module":"@angular/core","name":"Input"}}]}],"onNavigate":[{"__symbolic":"property","decorators":[{"__symbolic":"call","expression":{"__symbolic":"reference","module":"@angular/core","name":"Output"}}]}],"onViewMode":[{"__symbolic":"property","decorators":[{"__symbolic":"call","expression":{"__symbolic":"reference","module":"@angular/core","name":"Output"}}]}],"onSelect":[{"__symbolic":"property","decorators":[{"__symbolic":"call","expression":{"__symbolic":"reference","module":"@angular/core","name":"Output"}}]}],"onHover":[{"__symbolic":"property","decorators":[{"__symbolic":"call","expression":{"__symbolic":"reference","module":"@angular/core","name":"Output"}}]}],"navigateTo":[{"__symbolic":"method"}],"viewYear":[{"__symbolic":"method"}],"hoverYear":[{"__symbolic":"method"}],"changeViewMode":[{"__symbolic":"method"}]}}}},{"__symbolic":"module","version":1,"metadata":{"BsYearsCalendarViewComponent":{"__symbolic":"class","decorators":[{"__symbolic":"call","expression":{"__symbolic":"reference","module":"@angular/core","name":"Component"},"arguments":[{"selector":"bs-years-calendar-view","template":"\n    <bs-calendar-layout>\n      <bs-datepicker-navigation-view\n        [calendar]=\"calendar\"\n        (onNavigate)=\"navigateTo($event)\"\n        (onViewMode)=\"changeViewMode($event)\"\n      ></bs-datepicker-navigation-view>\n\n      <table role=\"grid\" class=\"years\">\n        <tbody>\n        <tr *ngFor=\"let row of calendar.years\">\n          <td *ngFor=\"let year of row\" role=\"gridcell\"\n              (click)=\"viewYear(year)\"\n              (mouseenter)=\"hoverYear(year, true)\"\n              (mouseleave)=\"hoverYear(year, false)\"\n              [class.disabled]=\"year.isDisabled\"\n              [class.is-highlighted]=\"year.isHovered\">\n            <span>{{ year.label }}</span>\n          </td>\n        </tr>\n        </tbody>\n      </table>\n    </bs-calendar-layout>\n  "}]}],"members":{"calendar":[{"__symbolic":"property","decorators":[{"__symbolic":"call","expression":{"__symbolic":"reference","module":"@angular/core","name":"Input"}}]}],"onNavigate":[{"__symbolic":"property","decorators":[{"__symbolic":"call","expression":{"__symbolic":"reference","module":"@angular/core","name":"Output"}}]}],"onViewMode":[{"__symbolic":"property","decorators":[{"__symbolic":"call","expression":{"__symbolic":"reference","module":"@angular/core","name":"Output"}}]}],"onSelect":[{"__symbolic":"property","decorators":[{"__symbolic":"call","expression":{"__symbolic":"reference","module":"@angular/core","name":"Output"}}]}],"onHover":[{"__symbolic":"property","decorators":[{"__symbolic":"call","expression":{"__symbolic":"reference","module":"@angular/core","name":"Output"}}]}],"navigateTo":[{"__symbolic":"method"}],"viewYear":[{"__symbolic":"method"}],"hoverYear":[{"__symbolic":"method"}],"changeViewMode":[{"__symbolic":"method"}]}}}}]