[{"__symbolic":"module","version":3,"metadata":{"getLocaleDayOfWeek":{"__symbolic":"function","parameters":["date","locale"],"value":{"__symbolic":"binop","operator":"%","left":{"__symbolic":"binop","operator":"-","left":{"__symbolic":"binop","operator":"+","left":{"__symbolic":"call","expression":{"__symbolic":"reference","module":"../utils/date-getters","name":"getDayOfWeek"},"arguments":[{"__symbolic":"reference","name":"date"}]},"right":7},"right":{"__symbolic":"call","expression":{"__symbolic":"select","expression":{"__symbolic":"reference","name":"locale"},"member":"firstDayOfWeek"}}},"right":7}},"getISODayOfWeek":{"__symbolic":"function","parameters":["date"],"value":{"__symbolic":"binop","operator":"||","left":{"__symbolic":"call","expression":{"__symbolic":"reference","module":"../utils/date-getters","name":"getDayOfWeek"},"arguments":[{"__symbolic":"reference","name":"date"}]},"right":7}}}},{"__symbolic":"module","version":1,"metadata":{"getLocaleDayOfWeek":{"__symbolic":"function","parameters":["date","locale"],"value":{"__symbolic":"binop","operator":"%","left":{"__symbolic":"binop","operator":"-","left":{"__symbolic":"binop","operator":"+","left":{"__symbolic":"call","expression":{"__symbolic":"reference","module":"../utils/date-getters","name":"getDayOfWeek"},"arguments":[{"__symbolic":"reference","name":"date"}]},"right":7},"right":{"__symbolic":"call","expression":{"__symbolic":"select","expression":{"__symbolic":"reference","name":"locale"},"member":"firstDayOfWeek"}}},"right":7}},"getISODayOfWeek":{"__symbolic":"function","parameters":["date"],"value":{"__symbolic":"binop","operator":"||","left":{"__symbolic":"call","expression":{"__symbolic":"reference","module":"../utils/date-getters","name":"getDayOfWeek"},"arguments":[{"__symbolic":"reference","name":"date"}]},"right":7}}}}]