[{"__symbolic":"module","version":3,"metadata":{"getWeek":{"__symbolic":"function","parameters":["date","locale"],"value":{"__symbolic":"call","expression":{"__symbolic":"select","expression":{"__symbolic":"reference","name":"locale"},"member":"week"},"arguments":[{"__symbolic":"reference","name":"date"}]}},"getISOWeek":{"__symbolic":"function","parameters":["date"],"value":{"__symbolic":"select","expression":{"__symbolic":"call","expression":{"__symbolic":"reference","module":"./week-calendar-utils","name":"weekOfYear"},"arguments":[{"__symbolic":"reference","name":"date"},1,4]},"member":"week"}}}},{"__symbolic":"module","version":1,"metadata":{"getWeek":{"__symbolic":"function","parameters":["date","locale"],"value":{"__symbolic":"call","expression":{"__symbolic":"select","expression":{"__symbolic":"reference","name":"locale"},"member":"week"},"arguments":[{"__symbolic":"reference","name":"date"}]}},"getISOWeek":{"__symbolic":"function","parameters":["date"],"value":{"__symbolic":"select","expression":{"__symbolic":"call","expression":{"__symbolic":"reference","module":"./week-calendar-utils","name":"weekOfYear"},"arguments":[{"__symbolic":"reference","name":"date"},1,4]},"member":"week"}}}}]