[{"__symbolic":"module","version":3,"metadata":{"daysInYear":{"__symbolic":"function","parameters":["year"],"value":{"__symbolic":"if","condition":{"__symbolic":"call","expression":{"__symbolic":"reference","name":"isLeapYear"},"arguments":[{"__symbolic":"reference","name":"year"}]},"thenExpression":366,"elseExpression":365}},"isLeapYear":{"__symbolic":"function","parameters":["year"],"value":{"__symbolic":"binop","operator":"||","left":{"__symbolic":"binop","operator":"&&","left":{"__symbolic":"binop","operator":"===","left":{"__symbolic":"binop","operator":"%","left":{"__symbolic":"reference","name":"year"},"right":4},"right":0},"right":{"__symbolic":"binop","operator":"!==","left":{"__symbolic":"binop","operator":"%","left":{"__symbolic":"reference","name":"year"},"right":100},"right":0}},"right":{"__symbolic":"binop","operator":"===","left":{"__symbolic":"binop","operator":"%","left":{"__symbolic":"reference","name":"year"},"right":400},"right":0}}}}},{"__symbolic":"module","version":1,"metadata":{"daysInYear":{"__symbolic":"function","parameters":["year"],"value":{"__symbolic":"if","condition":{"__symbolic":"call","expression":{"__symbolic":"reference","name":"isLeapYear"},"arguments":[{"__symbolic":"reference","name":"year"}]},"thenExpression":366,"elseExpression":365}},"isLeapYear":{"__symbolic":"function","parameters":["year"],"value":{"__symbolic":"binop","operator":"||","left":{"__symbolic":"binop","operator":"&&","left":{"__symbolic":"binop","operator":"===","left":{"__symbolic":"binop","operator":"%","left":{"__symbolic":"reference","name":"year"},"right":4},"right":0},"right":{"__symbolic":"binop","operator":"!==","left":{"__symbolic":"binop","operator":"%","left":{"__symbolic":"reference","name":"year"},"right":100},"right":0}},"right":{"__symbolic":"binop","operator":"===","left":{"__symbolic":"binop","operator":"%","left":{"__symbolic":"reference","name":"year"},"right":400},"right":0}}}}}]