[{"__symbolic":"module","version":3,"metadata":{"formatDaysCalendar":{"__symbolic":"function","parameters":["daysCalendar","formatOptions","monthIndex"],"value":{"__symbolic":"error","message":"Function call not supported","line":16,"character":11}},"getWeekNumbers":{"__symbolic":"function","parameters":["daysMatrix","format","locale"],"value":{"__symbolic":"error","message":"Function call not supported","line":28,"character":24}}}},{"__symbolic":"module","version":1,"metadata":{"formatDaysCalendar":{"__symbolic":"function","parameters":["daysCalendar","formatOptions","monthIndex"],"value":{"__symbolic":"error","message":"Function call not supported","line":16,"character":11}},"getWeekNumbers":{"__symbolic":"function","parameters":["daysMatrix","format","locale"],"value":{"__symbolic":"error","message":"Function call not supported","line":28,"character":24}}}}]