[{"__symbolic":"module","version":3,"metadata":{"Direction":{"UNKNOWN":0,"NEXT":1,"PREV":2},"CarouselComponent":{"__symbolic":"class","decorators":[{"__symbolic":"call","expression":{"__symbolic":"reference","module":"@angular/core","name":"Component"},"arguments":[{"selector":"carousel","template":"\n    <div (mouseenter)=\"pause()\" (mouseleave)=\"play()\" (mouseup)=\"play()\" class=\"carousel slide\">\n      <ol class=\"carousel-indicators\" *ngIf=\"slides.length > 1\">\n         <li *ngFor=\"let slidez of slides; let i = index;\" [class.active]=\"slidez.active === true\" (click)=\"selectSlide(i)\"></li>\n      </ol>\n      <div class=\"carousel-inner\"><ng-content></ng-content></div>\n      <a class=\"left carousel-control carousel-control-prev\" [class.disabled]=\"activeSlide === 0 && noWrap\" (click)=\"previousSlide()\" *ngIf=\"slides.length > 1\">\n        <span class=\"icon-prev carousel-control-prev-icon\" aria-hidden=\"true\"></span>\n        <span *ngIf=\"isBs4\" class=\"sr-only\">Previous</span>\n      </a>\n      <a class=\"right carousel-control carousel-control-next\" (click)=\"nextSlide()\"  [class.disabled]=\"isLast(activeSlide) && noWrap\" *ngIf=\"slides.length > 1\">\n        <span class=\"icon-next carousel-control-next-icon\" aria-hidden=\"true\"></span>\n        <span class=\"sr-only\">Next</span>\n      </a>\n    </div>\n  "}]}],"members":{"noWrap":[{"__symbolic":"property","decorators":[{"__symbolic":"call","expression":{"__symbolic":"reference","module":"@angular/core","name":"Input"}}]}],"noPause":[{"__symbolic":"property","decorators":[{"__symbolic":"call","expression":{"__symbolic":"reference","module":"@angular/core","name":"Input"}}]}],"activeSlideChange":[{"__symbolic":"property","decorators":[{"__symbolic":"call","expression":{"__symbolic":"reference","module":"@angular/core","name":"Output"}}]}],"activeSlide":[{"__symbolic":"property","decorators":[{"__symbolic":"call","expression":{"__symbolic":"reference","module":"@angular/core","name":"Input"}}]}],"interval":[{"__symbolic":"property","decorators":[{"__symbolic":"call","expression":{"__symbolic":"reference","module":"@angular/core","name":"Input"}}]}],"__ctor__":[{"__symbolic":"constructor","parameters":[{"__symbolic":"reference","module":"./carousel.config","name":"CarouselConfig"},{"__symbolic":"reference","module":"@angular/core","name":"NgZone"}]}],"ngOnDestroy":[{"__symbolic":"method"}],"addSlide":[{"__symbolic":"method"}],"removeSlide":[{"__symbolic":"method"}],"nextSlide":[{"__symbolic":"method"}],"previousSlide":[{"__symbolic":"method"}],"selectSlide":[{"__symbolic":"method"}],"play":[{"__symbolic":"method"}],"pause":[{"__symbolic":"method"}],"getCurrentSlideIndex":[{"__symbolic":"method"}],"isLast":[{"__symbolic":"method"}],"findNextSlideIndex":[{"__symbolic":"method"}],"_select":[{"__symbolic":"method"}],"restartTimer":[{"__symbolic":"method"}],"resetTimer":[{"__symbolic":"method"}]}}}},{"__symbolic":"module","version":1,"metadata":{"Direction":{"UNKNOWN":0,"NEXT":1,"PREV":2},"CarouselComponent":{"__symbolic":"class","decorators":[{"__symbolic":"call","expression":{"__symbolic":"reference","module":"@angular/core","name":"Component"},"arguments":[{"selector":"carousel","template":"\n    <div (mouseenter)=\"pause()\" (mouseleave)=\"play()\" (mouseup)=\"play()\" class=\"carousel slide\">\n      <ol class=\"carousel-indicators\" *ngIf=\"slides.length > 1\">\n         <li *ngFor=\"let slidez of slides; let i = index;\" [class.active]=\"slidez.active === true\" (click)=\"selectSlide(i)\"></li>\n      </ol>\n      <div class=\"carousel-inner\"><ng-content></ng-content></div>\n      <a class=\"left carousel-control carousel-control-prev\" [class.disabled]=\"activeSlide === 0 && noWrap\" (click)=\"previousSlide()\" *ngIf=\"slides.length > 1\">\n        <span class=\"icon-prev carousel-control-prev-icon\" aria-hidden=\"true\"></span>\n        <span *ngIf=\"isBs4\" class=\"sr-only\">Previous</span>\n      </a>\n      <a class=\"right carousel-control carousel-control-next\" (click)=\"nextSlide()\"  [class.disabled]=\"isLast(activeSlide) && noWrap\" *ngIf=\"slides.length > 1\">\n        <span class=\"icon-next carousel-control-next-icon\" aria-hidden=\"true\"></span>\n        <span class=\"sr-only\">Next</span>\n      </a>\n    </div>\n  "}]}],"members":{"noWrap":[{"__symbolic":"property","decorators":[{"__symbolic":"call","expression":{"__symbolic":"reference","module":"@angular/core","name":"Input"}}]}],"noPause":[{"__symbolic":"property","decorators":[{"__symbolic":"call","expression":{"__symbolic":"reference","module":"@angular/core","name":"Input"}}]}],"activeSlideChange":[{"__symbolic":"property","decorators":[{"__symbolic":"call","expression":{"__symbolic":"reference","module":"@angular/core","name":"Output"}}]}],"activeSlide":[{"__symbolic":"property","decorators":[{"__symbolic":"call","expression":{"__symbolic":"reference","module":"@angular/core","name":"Input"}}]}],"interval":[{"__symbolic":"property","decorators":[{"__symbolic":"call","expression":{"__symbolic":"reference","module":"@angular/core","name":"Input"}}]}],"__ctor__":[{"__symbolic":"constructor","parameters":[{"__symbolic":"reference","module":"./carousel.config","name":"CarouselConfig"},{"__symbolic":"reference","module":"@angular/core","name":"NgZone"}]}],"ngOnDestroy":[{"__symbolic":"method"}],"addSlide":[{"__symbolic":"method"}],"removeSlide":[{"__symbolic":"method"}],"nextSlide":[{"__symbolic":"method"}],"previousSlide":[{"__symbolic":"method"}],"selectSlide":[{"__symbolic":"method"}],"play":[{"__symbolic":"method"}],"pause":[{"__symbolic":"method"}],"getCurrentSlideIndex":[{"__symbolic":"method"}],"isLast":[{"__symbolic":"method"}],"findNextSlideIndex":[{"__symbolic":"method"}],"_select":[{"__symbolic":"method"}],"restartTimer":[{"__symbolic":"method"}],"resetTimer":[{"__symbolic":"method"}]}}}}]