[{"__symbolic":"module","version":3,"metadata":{"CarouselModule":{"__symbolic":"class","decorators":[{"__symbolic":"call","expression":{"__symbolic":"reference","module":"@angular/core","name":"NgModule"},"arguments":[{"imports":[{"__symbolic":"reference","module":"@angular/common","name":"CommonModule"}],"declarations":[{"__symbolic":"reference","module":"./slide.component","name":"SlideComponent"},{"__symbolic":"reference","module":"./carousel.component","name":"CarouselComponent"}],"exports":[{"__symbolic":"reference","module":"./slide.component","name":"SlideComponent"},{"__symbolic":"reference","module":"./carousel.component","name":"CarouselComponent"}],"providers":[{"__symbolic":"reference","module":"./carousel.config","name":"CarouselConfig"}]}]}],"statics":{"forRoot":{"__symbolic":"function","parameters":[],"value":{"ngModule":{"__symbolic":"reference","name":"CarouselModule"},"providers":[]}}}}}},{"__symbolic":"module","version":1,"metadata":{"CarouselModule":{"__symbolic":"class","decorators":[{"__symbolic":"call","expression":{"__symbolic":"reference","module":"@angular/core","name":"NgModule"},"arguments":[{"imports":[{"__symbolic":"reference","module":"@angular/common","name":"CommonModule"}],"declarations":[{"__symbolic":"reference","module":"./slide.component","name":"SlideComponent"},{"__symbolic":"reference","module":"./carousel.component","name":"CarouselComponent"}],"exports":[{"__symbolic":"reference","module":"./slide.component","name":"SlideComponent"},{"__symbolic":"reference","module":"./carousel.component","name":"CarouselComponent"}],"providers":[{"__symbolic":"reference","module":"./carousel.config","name":"CarouselConfig"}]}]}],"statics":{"forRoot":{"__symbolic":"function","parameters":[],"value":{"ngModule":{"__symbolic":"reference","name":"CarouselModule"},"providers":[]}}}}}}]