[{"__symbolic":"module","version":3,"metadata":{},"exports":[{"from":"./carousel.component","export":["CarouselComponent"]},{"from":"./carousel.module","export":["CarouselModule"]},{"from":"./slide.component","export":["SlideComponent"]},{"from":"./carousel.config","export":["CarouselConfig"]}]},{"__symbolic":"module","version":1,"metadata":{},"exports":[{"from":"./carousel.component","export":["CarouselComponent"]},{"from":"./carousel.module","export":["CarouselModule"]},{"from":"./slide.component","export":["SlideComponent"]},{"from":"./carousel.config","export":["CarouselConfig"]}]}]