[{"__symbolic":"module","version":3,"metadata":{"SlideComponent":{"__symbolic":"class","decorators":[{"__symbolic":"call","expression":{"__symbolic":"reference","module":"@angular/core","name":"Component"},"arguments":[{"selector":"slide","template":"\n    <div [class.active]=\"active\" class=\"item\">\n      <ng-content></ng-content>\n    </div>\n  "}]}],"members":{"active":[{"__symbolic":"property","decorators":[{"__symbolic":"call","expression":{"__symbolic":"reference","module":"@angular/core","name":"HostBinding"},"arguments":["class.active"]},{"__symbolic":"call","expression":{"__symbolic":"reference","module":"@angular/core","name":"Input"}}]}],"addClass":[{"__symbolic":"property","decorators":[{"__symbolic":"call","expression":{"__symbolic":"reference","module":"@angular/core","name":"HostBinding"},"arguments":["class.item"]},{"__symbolic":"call","expression":{"__symbolic":"reference","module":"@angular/core","name":"HostBinding"},"arguments":["class.carousel-item"]}]}],"__ctor__":[{"__symbolic":"constructor","parameters":[{"__symbolic":"reference","module":"./carousel.component","name":"CarouselComponent"}]}],"ngOnInit":[{"__symbolic":"method"}],"ngOnDestroy":[{"__symbolic":"method"}]}}}},{"__symbolic":"module","version":1,"metadata":{"SlideComponent":{"__symbolic":"class","decorators":[{"__symbolic":"call","expression":{"__symbolic":"reference","module":"@angular/core","name":"Component"},"arguments":[{"selector":"slide","template":"\n    <div [class.active]=\"active\" class=\"item\">\n      <ng-content></ng-content>\n    </div>\n  "}]}],"members":{"active":[{"__symbolic":"property","decorators":[{"__symbolic":"call","expression":{"__symbolic":"reference","module":"@angular/core","name":"HostBinding"},"arguments":["class.active"]},{"__symbolic":"call","expression":{"__symbolic":"reference","module":"@angular/core","name":"Input"}}]}],"addClass":[{"__symbolic":"property","decorators":[{"__symbolic":"call","expression":{"__symbolic":"reference","module":"@angular/core","name":"HostBinding"},"arguments":["class.item"]},{"__symbolic":"call","expression":{"__symbolic":"reference","module":"@angular/core","name":"HostBinding"},"arguments":["class.carousel-item"]}]}],"__ctor__":[{"__symbolic":"constructor","parameters":[{"__symbolic":"reference","module":"./carousel.component","name":"CarouselComponent"}]}],"ngOnInit":[{"__symbolic":"method"}],"ngOnDestroy":[{"__symbolic":"method"}]}}}}]