{"__symbolic":"module","version":3,"metadata":{"RxChain":{"__symbolic":"class","arity":1,"members":{"__ctor__":[{"__symbolic":"constructor","parameters":[{"__symbolic":"reference","name":"Observable","module":"rxjs/Observable","arguments":[{"__symbolic":"error","message":"Could not resolve type","line":20,"character":51,"context":{"typeName":"T"},"module":"./rx-chain"}]}]}],"call":[{"__symbolic":"method"}],"subscribe":[{"__symbolic":"method"}],"result":[{"__symbolic":"method"}]},"statics":{"from":{"__symbolic":"function","parameters":["context"],"value":{"__symbolic":"new","expression":{"__symbolic":"reference","name":"RxChain"},"arguments":[{"__symbolic":"reference","name":"context"}]}}}},"StrictRxChain":{"__symbolic":"interface"},"FinallyBrand":{"__symbolic":"class","members":{}},"CatchBrand":{"__symbolic":"class","members":{}},"DoBrand":{"__symbolic":"class","members":{}},"MapBrand":{"__symbolic":"class","members":{}},"FilterBrand":{"__symbolic":"class","members":{}},"ShareBrand":{"__symbolic":"class","members":{}},"FirstBrand":{"__symbolic":"class","members":{}},"SwitchMapBrand":{"__symbolic":"class","members":{}},"StartWithBrand":{"__symbolic":"class","members":{}},"DebounceTimeBrand":{"__symbolic":"class","members":{}},"AuditTimeBrand":{"__symbolic":"class","members":{}},"TakeUntilBrand":{"__symbolic":"class","members":{}}},"origins":{"RxChain":"./rx-chain","StrictRxChain":"./rx-operators","FinallyBrand":"./rx-operators","CatchBrand":"./rx-operators","DoBrand":"./rx-operators","MapBrand":"./rx-operators","FilterBrand":"./rx-operators","ShareBrand":"./rx-operators","FirstBrand":"./rx-operators","SwitchMapBrand":"./rx-operators","StartWithBrand":"./rx-operators","DebounceTimeBrand":"./rx-operators","AuditTimeBrand":"./rx-operators","TakeUntilBrand":"./rx-operators","finallyOperator":"rxjs/operator/finally","catchOperator":"rxjs/operator/catch","doOperator":"rxjs/operator/do","map":"rxjs/operator/map","filter":"rxjs/operator/filter","share":"rxjs/operator/share","first":"rxjs/operator/first","switchMap":"rxjs/operator/switchMap","startWith":"rxjs/operator/startWith","debounceTime":"rxjs/operator/debounceTime","auditTime":"rxjs/operator/auditTime","takeUntil":"rxjs/operator/takeUntil"},"importAs":"@angular/cdk/rxjs"}