[{"__symbolic":"module","version":3,"metadata":{},"exports":[{"from":"./bar.component","export":["BarComponent"]},{"from":"./progress.directive","export":["ProgressDirective"]},{"from":"./progressbar.component","export":["ProgressbarComponent"]},{"from":"./progressbar.module","export":["ProgressbarModule"]},{"from":"./progressbar.config","export":["ProgressbarConfig"]}]},{"__symbolic":"module","version":1,"metadata":{},"exports":[{"from":"./bar.component","export":["BarComponent"]},{"from":"./progress.directive","export":["ProgressDirective"]},{"from":"./progressbar.component","export":["ProgressbarComponent"]},{"from":"./progressbar.module","export":["ProgressbarModule"]},{"from":"./progressbar.config","export":["ProgressbarConfig"]}]}]