[{"__symbolic":"module","version":3,"metadata":{"ProgressbarComponent":{"__symbolic":"class","decorators":[{"__symbolic":"call","expression":{"__symbolic":"reference","module":"@angular/core","name":"Component"},"arguments":[{"selector":"progressbar","template":"\n    <div progress [animate]=\"animate\" [max]=\"max\" [style.width]=\"!isBs3 ? '100%' : 'auto'\">\n      <bar [type]=\"type\" [value]=\"_value\" *ngIf=\"!isStacked\">\n          <ng-content></ng-content>\n      </bar>\n      <template [ngIf]=\"isStacked\">\n        <bar *ngFor=\"let item of _value\" [type]=\"item.type\" [value]=\"item.value\">{{item.label}}</bar>\n      </template>\n    </div>\n  ","styles":["\n    :host {\n      width: 100%;\n    }\n  "]}]}],"members":{"animate":[{"__symbolic":"property","decorators":[{"__symbolic":"call","expression":{"__symbolic":"reference","module":"@angular/core","name":"Input"}}]}],"max":[{"__symbolic":"property","decorators":[{"__symbolic":"call","expression":{"__symbolic":"reference","module":"@angular/core","name":"Input"}}]}],"type":[{"__symbolic":"property","decorators":[{"__symbolic":"call","expression":{"__symbolic":"reference","module":"@angular/core","name":"Input"}}]}],"value":[{"__symbolic":"property","decorators":[{"__symbolic":"call","expression":{"__symbolic":"reference","module":"@angular/core","name":"Input"}}]}],"__ctor__":[{"__symbolic":"constructor","parameters":[{"__symbolic":"reference","module":"./progressbar.config","name":"ProgressbarConfig"}]}]}}}},{"__symbolic":"module","version":1,"metadata":{"ProgressbarComponent":{"__symbolic":"class","decorators":[{"__symbolic":"call","expression":{"__symbolic":"reference","module":"@angular/core","name":"Component"},"arguments":[{"selector":"progressbar","template":"\n    <div progress [animate]=\"animate\" [max]=\"max\" [style.width]=\"!isBs3 ? '100%' : 'auto'\">\n      <bar [type]=\"type\" [value]=\"_value\" *ngIf=\"!isStacked\">\n          <ng-content></ng-content>\n      </bar>\n      <template [ngIf]=\"isStacked\">\n        <bar *ngFor=\"let item of _value\" [type]=\"item.type\" [value]=\"item.value\">{{item.label}}</bar>\n      </template>\n    </div>\n  ","styles":["\n    :host {\n      width: 100%;\n    }\n  "]}]}],"members":{"animate":[{"__symbolic":"property","decorators":[{"__symbolic":"call","expression":{"__symbolic":"reference","module":"@angular/core","name":"Input"}}]}],"max":[{"__symbolic":"property","decorators":[{"__symbolic":"call","expression":{"__symbolic":"reference","module":"@angular/core","name":"Input"}}]}],"type":[{"__symbolic":"property","decorators":[{"__symbolic":"call","expression":{"__symbolic":"reference","module":"@angular/core","name":"Input"}}]}],"value":[{"__symbolic":"property","decorators":[{"__symbolic":"call","expression":{"__symbolic":"reference","module":"@angular/core","name":"Input"}}]}],"__ctor__":[{"__symbolic":"constructor","parameters":[{"__symbolic":"reference","module":"./progressbar.config","name":"ProgressbarConfig"}]}]}}}}]