[{"__symbolic":"module","version":3,"metadata":{},"exports":[{"from":"./pager.component","export":["PagerComponent"]},{"from":"./pagination.component","export":["PaginationComponent"]},{"from":"./pagination.module","export":["PaginationModule"]},{"from":"./pagination.config","export":["PaginationConfig"]}]},{"__symbolic":"module","version":1,"metadata":{},"exports":[{"from":"./pager.component","export":["PagerComponent"]},{"from":"./pagination.component","export":["PaginationComponent"]},{"from":"./pagination.module","export":["PaginationModule"]},{"from":"./pagination.config","export":["PaginationConfig"]}]}]