[{"__symbolic":"module","version":3,"metadata":{"PAGER_CONTROL_VALUE_ACCESSOR":{"provide":{"__symbolic":"reference","module":"@angular/forms","name":"NG_VALUE_ACCESSOR"},"useExisting":{"__symbolic":"reference","name":"PagerComponent"},"multi":true},"PagerComponent":{"__symbolic":"class","decorators":[{"__symbolic":"call","expression":{"__symbolic":"reference","module":"@angular/core","name":"Component"},"arguments":[{"selector":"pager","template":"\n    <ul class=\"pager\">\n      <li [class.disabled]=\"noPrevious()\" [class.previous]=\"align\" [ngClass]=\"{'pull-right': align, 'float-right': align}\" class=\"{{ pageBtnClass }}\">\n        <a href (click)=\"selectPage(page - 1, $event)\">{{getText('previous')}}</a>\n      </li>\n      <li [class.disabled]=\"noNext()\" [class.next]=\"align\" [ngClass]=\"{'pull-right': align, 'float-right': align}\" class=\"{{ pageBtnClass }}\">\n        <a href (click)=\"selectPage(page + 1, $event)\">{{getText('next')}}</a>\n      </li>\n  </ul>\n","providers":[{"__symbolic":"reference","name":"PAGER_CONTROL_VALUE_ACCESSOR"}]}]}],"members":{"align":[{"__symbolic":"property","decorators":[{"__symbolic":"call","expression":{"__symbolic":"reference","module":"@angular/core","name":"Input"}}]}],"maxSize":[{"__symbolic":"property","decorators":[{"__symbolic":"call","expression":{"__symbolic":"reference","module":"@angular/core","name":"Input"}}]}],"boundaryLinks":[{"__symbolic":"property","decorators":[{"__symbolic":"call","expression":{"__symbolic":"reference","module":"@angular/core","name":"Input"}}]}],"directionLinks":[{"__symbolic":"property","decorators":[{"__symbolic":"call","expression":{"__symbolic":"reference","module":"@angular/core","name":"Input"}}]}],"firstText":[{"__symbolic":"property","decorators":[{"__symbolic":"call","expression":{"__symbolic":"reference","module":"@angular/core","name":"Input"}}]}],"previousText":[{"__symbolic":"property","decorators":[{"__symbolic":"call","expression":{"__symbolic":"reference","module":"@angular/core","name":"Input"}}]}],"nextText":[{"__symbolic":"property","decorators":[{"__symbolic":"call","expression":{"__symbolic":"reference","module":"@angular/core","name":"Input"}}]}],"lastText":[{"__symbolic":"property","decorators":[{"__symbolic":"call","expression":{"__symbolic":"reference","module":"@angular/core","name":"Input"}}]}],"rotate":[{"__symbolic":"property","decorators":[{"__symbolic":"call","expression":{"__symbolic":"reference","module":"@angular/core","name":"Input"}}]}],"pageBtnClass":[{"__symbolic":"property","decorators":[{"__symbolic":"call","expression":{"__symbolic":"reference","module":"@angular/core","name":"Input"}}]}],"disabled":[{"__symbolic":"property","decorators":[{"__symbolic":"call","expression":{"__symbolic":"reference","module":"@angular/core","name":"Input"}}]}],"numPages":[{"__symbolic":"property","decorators":[{"__symbolic":"call","expression":{"__symbolic":"reference","module":"@angular/core","name":"Output"}}]}],"pageChanged":[{"__symbolic":"property","decorators":[{"__symbolic":"call","expression":{"__symbolic":"reference","module":"@angular/core","name":"Output"}}]}],"itemsPerPage":[{"__symbolic":"property","decorators":[{"__symbolic":"call","expression":{"__symbolic":"reference","module":"@angular/core","name":"Input"}}]}],"totalItems":[{"__symbolic":"property","decorators":[{"__symbolic":"call","expression":{"__symbolic":"reference","module":"@angular/core","name":"Input"}}]}],"__ctor__":[{"__symbolic":"constructor","parameters":[{"__symbolic":"reference","module":"@angular/core","name":"Renderer"},{"__symbolic":"reference","module":"@angular/core","name":"ElementRef"},{"__symbolic":"reference","module":"./pagination.config","name":"PaginationConfig"}]}],"configureOptions":[{"__symbolic":"method"}],"ngOnInit":[{"__symbolic":"method"}],"writeValue":[{"__symbolic":"method"}],"getText":[{"__symbolic":"method"}],"noPrevious":[{"__symbolic":"method"}],"noNext":[{"__symbolic":"method"}],"registerOnChange":[{"__symbolic":"method"}],"registerOnTouched":[{"__symbolic":"method"}],"selectPage":[{"__symbolic":"method"}],"makePage":[{"__symbolic":"method"}],"getPages":[{"__symbolic":"method"}],"calculateTotalPages":[{"__symbolic":"method"}]}}}},{"__symbolic":"module","version":1,"metadata":{"PAGER_CONTROL_VALUE_ACCESSOR":{"provide":{"__symbolic":"reference","module":"@angular/forms","name":"NG_VALUE_ACCESSOR"},"useExisting":{"__symbolic":"reference","name":"PagerComponent"},"multi":true},"PagerComponent":{"__symbolic":"class","decorators":[{"__symbolic":"call","expression":{"__symbolic":"reference","module":"@angular/core","name":"Component"},"arguments":[{"selector":"pager","template":"\n    <ul class=\"pager\">\n      <li [class.disabled]=\"noPrevious()\" [class.previous]=\"align\" [ngClass]=\"{'pull-right': align, 'float-right': align}\" class=\"{{ pageBtnClass }}\">\n        <a href (click)=\"selectPage(page - 1, $event)\">{{getText('previous')}}</a>\n      </li>\n      <li [class.disabled]=\"noNext()\" [class.next]=\"align\" [ngClass]=\"{'pull-right': align, 'float-right': align}\" class=\"{{ pageBtnClass }}\">\n        <a href (click)=\"selectPage(page + 1, $event)\">{{getText('next')}}</a>\n      </li>\n  </ul>\n","providers":[{"__symbolic":"reference","name":"PAGER_CONTROL_VALUE_ACCESSOR"}]}]}],"members":{"align":[{"__symbolic":"property","decorators":[{"__symbolic":"call","expression":{"__symbolic":"reference","module":"@angular/core","name":"Input"}}]}],"maxSize":[{"__symbolic":"property","decorators":[{"__symbolic":"call","expression":{"__symbolic":"reference","module":"@angular/core","name":"Input"}}]}],"boundaryLinks":[{"__symbolic":"property","decorators":[{"__symbolic":"call","expression":{"__symbolic":"reference","module":"@angular/core","name":"Input"}}]}],"directionLinks":[{"__symbolic":"property","decorators":[{"__symbolic":"call","expression":{"__symbolic":"reference","module":"@angular/core","name":"Input"}}]}],"firstText":[{"__symbolic":"property","decorators":[{"__symbolic":"call","expression":{"__symbolic":"reference","module":"@angular/core","name":"Input"}}]}],"previousText":[{"__symbolic":"property","decorators":[{"__symbolic":"call","expression":{"__symbolic":"reference","module":"@angular/core","name":"Input"}}]}],"nextText":[{"__symbolic":"property","decorators":[{"__symbolic":"call","expression":{"__symbolic":"reference","module":"@angular/core","name":"Input"}}]}],"lastText":[{"__symbolic":"property","decorators":[{"__symbolic":"call","expression":{"__symbolic":"reference","module":"@angular/core","name":"Input"}}]}],"rotate":[{"__symbolic":"property","decorators":[{"__symbolic":"call","expression":{"__symbolic":"reference","module":"@angular/core","name":"Input"}}]}],"pageBtnClass":[{"__symbolic":"property","decorators":[{"__symbolic":"call","expression":{"__symbolic":"reference","module":"@angular/core","name":"Input"}}]}],"disabled":[{"__symbolic":"property","decorators":[{"__symbolic":"call","expression":{"__symbolic":"reference","module":"@angular/core","name":"Input"}}]}],"numPages":[{"__symbolic":"property","decorators":[{"__symbolic":"call","expression":{"__symbolic":"reference","module":"@angular/core","name":"Output"}}]}],"pageChanged":[{"__symbolic":"property","decorators":[{"__symbolic":"call","expression":{"__symbolic":"reference","module":"@angular/core","name":"Output"}}]}],"itemsPerPage":[{"__symbolic":"property","decorators":[{"__symbolic":"call","expression":{"__symbolic":"reference","module":"@angular/core","name":"Input"}}]}],"totalItems":[{"__symbolic":"property","decorators":[{"__symbolic":"call","expression":{"__symbolic":"reference","module":"@angular/core","name":"Input"}}]}],"__ctor__":[{"__symbolic":"constructor","parameters":[{"__symbolic":"reference","module":"@angular/core","name":"Renderer"},{"__symbolic":"reference","module":"@angular/core","name":"ElementRef"},{"__symbolic":"reference","module":"./pagination.config","name":"PaginationConfig"}]}],"configureOptions":[{"__symbolic":"method"}],"ngOnInit":[{"__symbolic":"method"}],"writeValue":[{"__symbolic":"method"}],"getText":[{"__symbolic":"method"}],"noPrevious":[{"__symbolic":"method"}],"noNext":[{"__symbolic":"method"}],"registerOnChange":[{"__symbolic":"method"}],"registerOnTouched":[{"__symbolic":"method"}],"selectPage":[{"__symbolic":"method"}],"makePage":[{"__symbolic":"method"}],"getPages":[{"__symbolic":"method"}],"calculateTotalPages":[{"__symbolic":"method"}]}}}}]