[{"__symbolic":"module","version":3,"metadata":{"PageChangedEvent":{"__symbolic":"interface"},"PAGINATION_CONTROL_VALUE_ACCESSOR":{"provide":{"__symbolic":"reference","module":"@angular/forms","name":"NG_VALUE_ACCESSOR"},"useExisting":{"__symbolic":"reference","name":"PaginationComponent"},"multi":true},"PaginationComponent":{"__symbolic":"class","decorators":[{"__symbolic":"call","expression":{"__symbolic":"reference","module":"@angular/core","name":"Component"},"arguments":[{"selector":"pagination","template":"\n  <ul class=\"pagination\" [ngClass]=\"classMap\">\n    <li class=\"pagination-first page-item\"\n        *ngIf=\"boundaryLinks\"\n        [class.disabled]=\"noPrevious()||disabled\">\n      <a class=\"page-link\" href (click)=\"selectPage(1, $event)\" [innerHTML]=\"getText('first')\"></a>\n    </li>\n\n    <li class=\"pagination-prev page-item\"\n        *ngIf=\"directionLinks\"\n        [class.disabled]=\"noPrevious()||disabled\">\n      <a class=\"page-link\" href (click)=\"selectPage(page - 1, $event)\" [innerHTML]=\"getText('previous')\"></a>\n      </li>\n\n    <li *ngFor=\"let pg of pages\"\n        [class.active]=\"pg.active\"\n        [class.disabled]=\"disabled&&!pg.active\"\n        class=\"pagination-page page-item\">\n      <a class=\"page-link\" href (click)=\"selectPage(pg.number, $event)\" [innerHTML]=\"pg.text\"></a>\n    </li>\n\n    <li class=\"pagination-next page-item\"\n        *ngIf=\"directionLinks\"\n        [class.disabled]=\"noNext()||disabled\">\n      <a class=\"page-link\" href (click)=\"selectPage(page + 1, $event)\" [innerHTML]=\"getText('next')\"></a></li>\n\n    <li class=\"pagination-last page-item\"\n        *ngIf=\"boundaryLinks\"\n        [class.disabled]=\"noNext()||disabled\">\n      <a class=\"page-link\" href (click)=\"selectPage(totalPages, $event)\" [innerHTML]=\"getText('last')\"></a></li>\n  </ul>\n  ","providers":[{"__symbolic":"reference","name":"PAGINATION_CONTROL_VALUE_ACCESSOR"}]}]}],"members":{"align":[{"__symbolic":"property","decorators":[{"__symbolic":"call","expression":{"__symbolic":"reference","module":"@angular/core","name":"Input"}}]}],"maxSize":[{"__symbolic":"property","decorators":[{"__symbolic":"call","expression":{"__symbolic":"reference","module":"@angular/core","name":"Input"}}]}],"boundaryLinks":[{"__symbolic":"property","decorators":[{"__symbolic":"call","expression":{"__symbolic":"reference","module":"@angular/core","name":"Input"}}]}],"directionLinks":[{"__symbolic":"property","decorators":[{"__symbolic":"call","expression":{"__symbolic":"reference","module":"@angular/core","name":"Input"}}]}],"firstText":[{"__symbolic":"property","decorators":[{"__symbolic":"call","expression":{"__symbolic":"reference","module":"@angular/core","name":"Input"}}]}],"previousText":[{"__symbolic":"property","decorators":[{"__symbolic":"call","expression":{"__symbolic":"reference","module":"@angular/core","name":"Input"}}]}],"nextText":[{"__symbolic":"property","decorators":[{"__symbolic":"call","expression":{"__symbolic":"reference","module":"@angular/core","name":"Input"}}]}],"lastText":[{"__symbolic":"property","decorators":[{"__symbolic":"call","expression":{"__symbolic":"reference","module":"@angular/core","name":"Input"}}]}],"rotate":[{"__symbolic":"property","decorators":[{"__symbolic":"call","expression":{"__symbolic":"reference","module":"@angular/core","name":"Input"}}]}],"pageBtnClass":[{"__symbolic":"property","decorators":[{"__symbolic":"call","expression":{"__symbolic":"reference","module":"@angular/core","name":"Input"}}]}],"disabled":[{"__symbolic":"property","decorators":[{"__symbolic":"call","expression":{"__symbolic":"reference","module":"@angular/core","name":"Input"}}]}],"numPages":[{"__symbolic":"property","decorators":[{"__symbolic":"call","expression":{"__symbolic":"reference","module":"@angular/core","name":"Output"}}]}],"pageChanged":[{"__symbolic":"property","decorators":[{"__symbolic":"call","expression":{"__symbolic":"reference","module":"@angular/core","name":"Output"}}]}],"itemsPerPage":[{"__symbolic":"property","decorators":[{"__symbolic":"call","expression":{"__symbolic":"reference","module":"@angular/core","name":"Input"}}]}],"totalItems":[{"__symbolic":"property","decorators":[{"__symbolic":"call","expression":{"__symbolic":"reference","module":"@angular/core","name":"Input"}}]}],"__ctor__":[{"__symbolic":"constructor","parameters":[{"__symbolic":"reference","module":"@angular/core","name":"Renderer"},{"__symbolic":"reference","module":"@angular/core","name":"ElementRef"},{"__symbolic":"reference","module":"./pagination.config","name":"PaginationConfig"}]}],"configureOptions":[{"__symbolic":"method"}],"ngOnInit":[{"__symbolic":"method"}],"writeValue":[{"__symbolic":"method"}],"getText":[{"__symbolic":"method"}],"noPrevious":[{"__symbolic":"method"}],"noNext":[{"__symbolic":"method"}],"registerOnChange":[{"__symbolic":"method"}],"registerOnTouched":[{"__symbolic":"method"}],"selectPage":[{"__symbolic":"method"}],"makePage":[{"__symbolic":"method"}],"getPages":[{"__symbolic":"method"}],"calculateTotalPages":[{"__symbolic":"method"}]}}}},{"__symbolic":"module","version":1,"metadata":{"PageChangedEvent":{"__symbolic":"interface"},"PAGINATION_CONTROL_VALUE_ACCESSOR":{"provide":{"__symbolic":"reference","module":"@angular/forms","name":"NG_VALUE_ACCESSOR"},"useExisting":{"__symbolic":"reference","name":"PaginationComponent"},"multi":true},"PaginationComponent":{"__symbolic":"class","decorators":[{"__symbolic":"call","expression":{"__symbolic":"reference","module":"@angular/core","name":"Component"},"arguments":[{"selector":"pagination","template":"\n  <ul class=\"pagination\" [ngClass]=\"classMap\">\n    <li class=\"pagination-first page-item\"\n        *ngIf=\"boundaryLinks\"\n        [class.disabled]=\"noPrevious()||disabled\">\n      <a class=\"page-link\" href (click)=\"selectPage(1, $event)\" [innerHTML]=\"getText('first')\"></a>\n    </li>\n\n    <li class=\"pagination-prev page-item\"\n        *ngIf=\"directionLinks\"\n        [class.disabled]=\"noPrevious()||disabled\">\n      <a class=\"page-link\" href (click)=\"selectPage(page - 1, $event)\" [innerHTML]=\"getText('previous')\"></a>\n      </li>\n\n    <li *ngFor=\"let pg of pages\"\n        [class.active]=\"pg.active\"\n        [class.disabled]=\"disabled&&!pg.active\"\n        class=\"pagination-page page-item\">\n      <a class=\"page-link\" href (click)=\"selectPage(pg.number, $event)\" [innerHTML]=\"pg.text\"></a>\n    </li>\n\n    <li class=\"pagination-next page-item\"\n        *ngIf=\"directionLinks\"\n        [class.disabled]=\"noNext()||disabled\">\n      <a class=\"page-link\" href (click)=\"selectPage(page + 1, $event)\" [innerHTML]=\"getText('next')\"></a></li>\n\n    <li class=\"pagination-last page-item\"\n        *ngIf=\"boundaryLinks\"\n        [class.disabled]=\"noNext()||disabled\">\n      <a class=\"page-link\" href (click)=\"selectPage(totalPages, $event)\" [innerHTML]=\"getText('last')\"></a></li>\n  </ul>\n  ","providers":[{"__symbolic":"reference","name":"PAGINATION_CONTROL_VALUE_ACCESSOR"}]}]}],"members":{"align":[{"__symbolic":"property","decorators":[{"__symbolic":"call","expression":{"__symbolic":"reference","module":"@angular/core","name":"Input"}}]}],"maxSize":[{"__symbolic":"property","decorators":[{"__symbolic":"call","expression":{"__symbolic":"reference","module":"@angular/core","name":"Input"}}]}],"boundaryLinks":[{"__symbolic":"property","decorators":[{"__symbolic":"call","expression":{"__symbolic":"reference","module":"@angular/core","name":"Input"}}]}],"directionLinks":[{"__symbolic":"property","decorators":[{"__symbolic":"call","expression":{"__symbolic":"reference","module":"@angular/core","name":"Input"}}]}],"firstText":[{"__symbolic":"property","decorators":[{"__symbolic":"call","expression":{"__symbolic":"reference","module":"@angular/core","name":"Input"}}]}],"previousText":[{"__symbolic":"property","decorators":[{"__symbolic":"call","expression":{"__symbolic":"reference","module":"@angular/core","name":"Input"}}]}],"nextText":[{"__symbolic":"property","decorators":[{"__symbolic":"call","expression":{"__symbolic":"reference","module":"@angular/core","name":"Input"}}]}],"lastText":[{"__symbolic":"property","decorators":[{"__symbolic":"call","expression":{"__symbolic":"reference","module":"@angular/core","name":"Input"}}]}],"rotate":[{"__symbolic":"property","decorators":[{"__symbolic":"call","expression":{"__symbolic":"reference","module":"@angular/core","name":"Input"}}]}],"pageBtnClass":[{"__symbolic":"property","decorators":[{"__symbolic":"call","expression":{"__symbolic":"reference","module":"@angular/core","name":"Input"}}]}],"disabled":[{"__symbolic":"property","decorators":[{"__symbolic":"call","expression":{"__symbolic":"reference","module":"@angular/core","name":"Input"}}]}],"numPages":[{"__symbolic":"property","decorators":[{"__symbolic":"call","expression":{"__symbolic":"reference","module":"@angular/core","name":"Output"}}]}],"pageChanged":[{"__symbolic":"property","decorators":[{"__symbolic":"call","expression":{"__symbolic":"reference","module":"@angular/core","name":"Output"}}]}],"itemsPerPage":[{"__symbolic":"property","decorators":[{"__symbolic":"call","expression":{"__symbolic":"reference","module":"@angular/core","name":"Input"}}]}],"totalItems":[{"__symbolic":"property","decorators":[{"__symbolic":"call","expression":{"__symbolic":"reference","module":"@angular/core","name":"Input"}}]}],"__ctor__":[{"__symbolic":"constructor","parameters":[{"__symbolic":"reference","module":"@angular/core","name":"Renderer"},{"__symbolic":"reference","module":"@angular/core","name":"ElementRef"},{"__symbolic":"reference","module":"./pagination.config","name":"PaginationConfig"}]}],"configureOptions":[{"__symbolic":"method"}],"ngOnInit":[{"__symbolic":"method"}],"writeValue":[{"__symbolic":"method"}],"getText":[{"__symbolic":"method"}],"noPrevious":[{"__symbolic":"method"}],"noNext":[{"__symbolic":"method"}],"registerOnChange":[{"__symbolic":"method"}],"registerOnTouched":[{"__symbolic":"method"}],"selectPage":[{"__symbolic":"method"}],"makePage":[{"__symbolic":"method"}],"getPages":[{"__symbolic":"method"}],"calculateTotalPages":[{"__symbolic":"method"}]}}}}]