[{"__symbolic":"module","version":3,"metadata":{"PaginationModule":{"__symbolic":"class","decorators":[{"__symbolic":"call","expression":{"__symbolic":"reference","module":"@angular/core","name":"NgModule"},"arguments":[{"imports":[{"__symbolic":"reference","module":"@angular/common","name":"CommonModule"}],"declarations":[{"__symbolic":"reference","module":"./pager.component","name":"PagerComponent"},{"__symbolic":"reference","module":"./pagination.component","name":"PaginationComponent"}],"exports":[{"__symbolic":"reference","module":"./pager.component","name":"PagerComponent"},{"__symbolic":"reference","module":"./pagination.component","name":"PaginationComponent"}]}]}],"statics":{"forRoot":{"__symbolic":"function","parameters":[],"value":{"ngModule":{"__symbolic":"reference","name":"PaginationModule"},"providers":[{"__symbolic":"reference","module":"./pagination.config","name":"PaginationConfig"}]}}}}}},{"__symbolic":"module","version":1,"metadata":{"PaginationModule":{"__symbolic":"class","decorators":[{"__symbolic":"call","expression":{"__symbolic":"reference","module":"@angular/core","name":"NgModule"},"arguments":[{"imports":[{"__symbolic":"reference","module":"@angular/common","name":"CommonModule"}],"declarations":[{"__symbolic":"reference","module":"./pager.component","name":"PagerComponent"},{"__symbolic":"reference","module":"./pagination.component","name":"PaginationComponent"}],"exports":[{"__symbolic":"reference","module":"./pager.component","name":"PagerComponent"},{"__symbolic":"reference","module":"./pagination.component","name":"PaginationComponent"}]}]}],"statics":{"forRoot":{"__symbolic":"function","parameters":[],"value":{"ngModule":{"__symbolic":"reference","name":"PaginationModule"},"providers":[{"__symbolic":"reference","module":"./pagination.config","name":"PaginationConfig"}]}}}}}}]