[{"__symbolic":"module","version":3,"metadata":{"AccordionPanelComponent":{"__symbolic":"class","decorators":[{"__symbolic":"call","expression":{"__symbolic":"reference","module":"@angular/core","name":"Component"},"arguments":[{"selector":"accordion-group, accordion-panel","template":"\n    <div class=\"panel card\" [ngClass]=\"panelClass\">\n      <div class=\"panel-heading card-header\" role=\"tab\" (click)=\"toggleOpen($event)\">\n        <div class=\"panel-title\">\n          <div role=\"button\" class=\"accordion-toggle\" [attr.aria-expanded]=\"isOpen\">\n            <div *ngIf=\"heading\"[ngClass]=\"{'text-muted': isDisabled}\">{{heading}}</div>\n            <ng-content select=\"[accordion-heading]\"></ng-content>\n          </div>\n        </div>\n      </div>\n      <div class=\"panel-collapse collapse\" role=\"tabpanel\" [collapse]=\"!isOpen\">\n        <div class=\"panel-body card-block card-body\">\n          <ng-content></ng-content>\n        </div>\n      </div>\n    </div>\n  ","host":{"class":"panel","style":"display: block"}}]}],"members":{"heading":[{"__symbolic":"property","decorators":[{"__symbolic":"call","expression":{"__symbolic":"reference","module":"@angular/core","name":"Input"}}]}],"panelClass":[{"__symbolic":"property","decorators":[{"__symbolic":"call","expression":{"__symbolic":"reference","module":"@angular/core","name":"Input"}}]}],"isDisabled":[{"__symbolic":"property","decorators":[{"__symbolic":"call","expression":{"__symbolic":"reference","module":"@angular/core","name":"Input"}}]}],"isOpen":[{"__symbolic":"property","decorators":[{"__symbolic":"call","expression":{"__symbolic":"reference","module":"@angular/core","name":"HostBinding"},"arguments":["class.panel-open"]},{"__symbolic":"call","expression":{"__symbolic":"reference","module":"@angular/core","name":"Input"}}]}],"__ctor__":[{"__symbolic":"constructor","parameterDecorators":[[{"__symbolic":"call","expression":{"__symbolic":"reference","module":"@angular/core","name":"Inject"},"arguments":[{"__symbolic":"reference","module":"./accordion.component","name":"AccordionComponent"}]}]],"parameters":[{"__symbolic":"reference","module":"./accordion.component","name":"AccordionComponent"}]}],"ngOnInit":[{"__symbolic":"method"}],"ngOnDestroy":[{"__symbolic":"method"}],"toggleOpen":[{"__symbolic":"method"}]}}}},{"__symbolic":"module","version":1,"metadata":{"AccordionPanelComponent":{"__symbolic":"class","decorators":[{"__symbolic":"call","expression":{"__symbolic":"reference","module":"@angular/core","name":"Component"},"arguments":[{"selector":"accordion-group, accordion-panel","template":"\n    <div class=\"panel card\" [ngClass]=\"panelClass\">\n      <div class=\"panel-heading card-header\" role=\"tab\" (click)=\"toggleOpen($event)\">\n        <div class=\"panel-title\">\n          <div role=\"button\" class=\"accordion-toggle\" [attr.aria-expanded]=\"isOpen\">\n            <div *ngIf=\"heading\"[ngClass]=\"{'text-muted': isDisabled}\">{{heading}}</div>\n            <ng-content select=\"[accordion-heading]\"></ng-content>\n          </div>\n        </div>\n      </div>\n      <div class=\"panel-collapse collapse\" role=\"tabpanel\" [collapse]=\"!isOpen\">\n        <div class=\"panel-body card-block card-body\">\n          <ng-content></ng-content>\n        </div>\n      </div>\n    </div>\n  ","host":{"class":"panel","style":"display: block"}}]}],"members":{"heading":[{"__symbolic":"property","decorators":[{"__symbolic":"call","expression":{"__symbolic":"reference","module":"@angular/core","name":"Input"}}]}],"panelClass":[{"__symbolic":"property","decorators":[{"__symbolic":"call","expression":{"__symbolic":"reference","module":"@angular/core","name":"Input"}}]}],"isDisabled":[{"__symbolic":"property","decorators":[{"__symbolic":"call","expression":{"__symbolic":"reference","module":"@angular/core","name":"Input"}}]}],"isOpen":[{"__symbolic":"property","decorators":[{"__symbolic":"call","expression":{"__symbolic":"reference","module":"@angular/core","name":"HostBinding"},"arguments":["class.panel-open"]},{"__symbolic":"call","expression":{"__symbolic":"reference","module":"@angular/core","name":"Input"}}]}],"__ctor__":[{"__symbolic":"constructor","parameterDecorators":[[{"__symbolic":"call","expression":{"__symbolic":"reference","module":"@angular/core","name":"Inject"},"arguments":[{"__symbolic":"reference","module":"./accordion.component","name":"AccordionComponent"}]}]],"parameters":[{"__symbolic":"reference","module":"./accordion.component","name":"AccordionComponent"}]}],"ngOnInit":[{"__symbolic":"method"}],"ngOnDestroy":[{"__symbolic":"method"}],"toggleOpen":[{"__symbolic":"method"}]}}}}]