[{"__symbolic":"module","version":3,"metadata":{"AccordionModule":{"__symbolic":"class","decorators":[{"__symbolic":"call","expression":{"__symbolic":"reference","module":"@angular/core","name":"NgModule"},"arguments":[{"imports":[{"__symbolic":"reference","module":"@angular/common","name":"CommonModule"},{"__symbolic":"reference","module":"../collapse/collapse.module","name":"CollapseModule"}],"declarations":[{"__symbolic":"reference","module":"./accordion.component","name":"AccordionComponent"},{"__symbolic":"reference","module":"./accordion-group.component","name":"AccordionPanelComponent"}],"exports":[{"__symbolic":"reference","module":"./accordion.component","name":"AccordionComponent"},{"__symbolic":"reference","module":"./accordion-group.component","name":"AccordionPanelComponent"}]}]}],"statics":{"forRoot":{"__symbolic":"function","parameters":[],"value":{"ngModule":{"__symbolic":"reference","name":"AccordionModule"},"providers":[{"__symbolic":"reference","module":"./accordion.config","name":"AccordionConfig"}]}}}}}},{"__symbolic":"module","version":1,"metadata":{"AccordionModule":{"__symbolic":"class","decorators":[{"__symbolic":"call","expression":{"__symbolic":"reference","module":"@angular/core","name":"NgModule"},"arguments":[{"imports":[{"__symbolic":"reference","module":"@angular/common","name":"CommonModule"},{"__symbolic":"reference","module":"../collapse/collapse.module","name":"CollapseModule"}],"declarations":[{"__symbolic":"reference","module":"./accordion.component","name":"AccordionComponent"},{"__symbolic":"reference","module":"./accordion-group.component","name":"AccordionPanelComponent"}],"exports":[{"__symbolic":"reference","module":"./accordion.component","name":"AccordionComponent"},{"__symbolic":"reference","module":"./accordion-group.component","name":"AccordionPanelComponent"}]}]}],"statics":{"forRoot":{"__symbolic":"function","parameters":[],"value":{"ngModule":{"__symbolic":"reference","name":"AccordionModule"},"providers":[{"__symbolic":"reference","module":"./accordion.config","name":"AccordionConfig"}]}}}}}}]