[{"__symbolic":"module","version":3,"metadata":{},"exports":[{"from":"./accordion-group.component","export":["AccordionPanelComponent"]},{"from":"./accordion.component","export":["AccordionComponent"]},{"from":"./accordion.module","export":["AccordionModule"]},{"from":"./accordion.config","export":["AccordionConfig"]}]},{"__symbolic":"module","version":1,"metadata":{},"exports":[{"from":"./accordion-group.component","export":["AccordionPanelComponent"]},{"from":"./accordion.component","export":["AccordionComponent"]},{"from":"./accordion.module","export":["AccordionModule"]},{"from":"./accordion.config","export":["AccordionConfig"]}]}]