[{"__symbolic":"module","version":3,"metadata":{"ButtonsModule":{"__symbolic":"class","decorators":[{"__symbolic":"call","expression":{"__symbolic":"reference","module":"@angular/core","name":"NgModule"},"arguments":[{"declarations":[{"__symbolic":"reference","module":"./button-checkbox.directive","name":"ButtonCheckboxDirective"},{"__symbolic":"reference","module":"./button-radio.directive","name":"ButtonRadioDirective"}],"exports":[{"__symbolic":"reference","module":"./button-checkbox.directive","name":"ButtonCheckboxDirective"},{"__symbolic":"reference","module":"./button-radio.directive","name":"ButtonRadioDirective"}]}]}],"statics":{"forRoot":{"__symbolic":"function","parameters":[],"value":{"ngModule":{"__symbolic":"reference","name":"ButtonsModule"},"providers":[]}}}}}},{"__symbolic":"module","version":1,"metadata":{"ButtonsModule":{"__symbolic":"class","decorators":[{"__symbolic":"call","expression":{"__symbolic":"reference","module":"@angular/core","name":"NgModule"},"arguments":[{"declarations":[{"__symbolic":"reference","module":"./button-checkbox.directive","name":"ButtonCheckboxDirective"},{"__symbolic":"reference","module":"./button-radio.directive","name":"ButtonRadioDirective"}],"exports":[{"__symbolic":"reference","module":"./button-checkbox.directive","name":"ButtonCheckboxDirective"},{"__symbolic":"reference","module":"./button-radio.directive","name":"ButtonRadioDirective"}]}]}],"statics":{"forRoot":{"__symbolic":"function","parameters":[],"value":{"ngModule":{"__symbolic":"reference","name":"ButtonsModule"},"providers":[]}}}}}}]