[{"__symbolic":"module","version":3,"metadata":{"CHECKBOX_CONTROL_VALUE_ACCESSOR":{"provide":{"__symbolic":"reference","module":"@angular/forms","name":"NG_VALUE_ACCESSOR"},"useExisting":{"__symbolic":"reference","name":"ButtonCheckboxDirective"},"multi":true},"ButtonCheckboxDirective":{"__symbolic":"class","decorators":[{"__symbolic":"call","expression":{"__symbolic":"reference","module":"@angular/core","name":"Directive"},"arguments":[{"selector":"[btnCheckbox]","providers":[{"__symbolic":"reference","name":"CHECKBOX_CONTROL_VALUE_ACCESSOR"}]}]}],"members":{"btnCheckboxTrue":[{"__symbolic":"property","decorators":[{"__symbolic":"call","expression":{"__symbolic":"reference","module":"@angular/core","name":"Input"}}]}],"btnCheckboxFalse":[{"__symbolic":"property","decorators":[{"__symbolic":"call","expression":{"__symbolic":"reference","module":"@angular/core","name":"Input"}}]}],"state":[{"__symbolic":"property","decorators":[{"__symbolic":"call","expression":{"__symbolic":"reference","module":"@angular/core","name":"HostBinding"},"arguments":["class.active"]}]}],"onClick":[{"__symbolic":"method","decorators":[{"__symbolic":"call","expression":{"__symbolic":"reference","module":"@angular/core","name":"HostListener"},"arguments":["click"]}]}],"ngOnInit":[{"__symbolic":"method"}],"toggle":[{"__symbolic":"method"}],"writeValue":[{"__symbolic":"method"}],"setDisabledState":[{"__symbolic":"method"}],"registerOnChange":[{"__symbolic":"method"}],"registerOnTouched":[{"__symbolic":"method"}]}}}},{"__symbolic":"module","version":1,"metadata":{"CHECKBOX_CONTROL_VALUE_ACCESSOR":{"provide":{"__symbolic":"reference","module":"@angular/forms","name":"NG_VALUE_ACCESSOR"},"useExisting":{"__symbolic":"reference","name":"ButtonCheckboxDirective"},"multi":true},"ButtonCheckboxDirective":{"__symbolic":"class","decorators":[{"__symbolic":"call","expression":{"__symbolic":"reference","module":"@angular/core","name":"Directive"},"arguments":[{"selector":"[btnCheckbox]","providers":[{"__symbolic":"reference","name":"CHECKBOX_CONTROL_VALUE_ACCESSOR"}]}]}],"members":{"btnCheckboxTrue":[{"__symbolic":"property","decorators":[{"__symbolic":"call","expression":{"__symbolic":"reference","module":"@angular/core","name":"Input"}}]}],"btnCheckboxFalse":[{"__symbolic":"property","decorators":[{"__symbolic":"call","expression":{"__symbolic":"reference","module":"@angular/core","name":"Input"}}]}],"state":[{"__symbolic":"property","decorators":[{"__symbolic":"call","expression":{"__symbolic":"reference","module":"@angular/core","name":"HostBinding"},"arguments":["class.active"]}]}],"onClick":[{"__symbolic":"method","decorators":[{"__symbolic":"call","expression":{"__symbolic":"reference","module":"@angular/core","name":"HostListener"},"arguments":["click"]}]}],"ngOnInit":[{"__symbolic":"method"}],"toggle":[{"__symbolic":"method"}],"writeValue":[{"__symbolic":"method"}],"setDisabledState":[{"__symbolic":"method"}],"registerOnChange":[{"__symbolic":"method"}],"registerOnTouched":[{"__symbolic":"method"}]}}}}]