[{"__symbolic":"module","version":3,"metadata":{},"exports":[{"from":"./button-checkbox.directive","export":["ButtonCheckboxDirective"]},{"from":"./button-radio.directive","export":["ButtonRadioDirective"]},{"from":"./buttons.module","export":["ButtonsModule"]}]},{"__symbolic":"module","version":1,"metadata":{},"exports":[{"from":"./button-checkbox.directive","export":["ButtonCheckboxDirective"]},{"from":"./button-radio.directive","export":["ButtonRadioDirective"]},{"from":"./buttons.module","export":["ButtonsModule"]}]}]