{"__symbolic":"module","version":3,"metadata":{"ComponentType":{"__symbolic":"interface"},"Portal":{"__symbolic":"class","arity":1,"members":{"attach":[{"__symbolic":"method"}],"detach":[{"__symbolic":"method"}],"setAttachedHost":[{"__symbolic":"method"}]}},"ComponentPortal":{"__symbolic":"class","arity":1,"extends":{"__symbolic":"reference","name":"Portal"},"members":{"__ctor__":[{"__symbolic":"constructor","parameters":[{"__symbolic":"reference","name":"any","arguments":[{"__symbolic":"error","message":"Could not resolve type","line":95,"character":31,"context":{"typeName":"T"},"module":"./portal"}]},{"__symbolic":"reference","module":"@angular/core","name":"ViewContainerRef"},{"__symbolic":"reference","module":"@angular/core","name":"Injector"}]}]}},"TemplatePortal":{"__symbolic":"class","extends":{"__symbolic":"reference","name":"Portal"},"members":{"__ctor__":[{"__symbolic":"constructor","parameters":[{"__symbolic":"reference","name":"TemplateRef","module":"@angular/core","arguments":[{"__symbolic":"reference","name":"any"}]},{"__symbolic":"reference","module":"@angular/core","name":"ViewContainerRef"}]}],"attach":[{"__symbolic":"method"}],"detach":[{"__symbolic":"method"}]}},"PortalHost":{"__symbolic":"interface"},"BasePortalHost":{"__symbolic":"class","members":{"hasAttached":[{"__symbolic":"method"}],"attach":[{"__symbolic":"method"}],"attachComponentPortal":[{"__symbolic":"method"}],"attachTemplatePortal":[{"__symbolic":"method"}],"detach":[{"__symbolic":"method"}],"dispose":[{"__symbolic":"method"}],"setDisposeFn":[{"__symbolic":"method"}],"_invokeDisposeFn":[{"__symbolic":"method"}]}},"DomPortalHost":{"__symbolic":"class","extends":{"__symbolic":"reference","name":"BasePortalHost"},"members":{"__ctor__":[{"__symbolic":"constructor","parameters":[{"__symbolic":"error","message":"Could not resolve type","line":26,"character":31,"context":{"typeName":"Element"},"module":"./dom-portal-host"},{"__symbolic":"reference","module":"@angular/core","name":"ComponentFactoryResolver"},{"__symbolic":"reference","module":"@angular/core","name":"ApplicationRef"},{"__symbolic":"reference","module":"@angular/core","name":"Injector"}]}],"attachComponentPortal":[{"__symbolic":"method"}],"attachTemplatePortal":[{"__symbolic":"method"}],"dispose":[{"__symbolic":"method"}],"_getComponentRootNode":[{"__symbolic":"method"}]}},"TemplatePortalDirective":{"__symbolic":"class","extends":{"__symbolic":"reference","name":"TemplatePortal"},"decorators":[{"__symbolic":"call","expression":{"__symbolic":"reference","module":"@angular/core","name":"Directive"},"arguments":[{"selector":"[cdk-portal], [cdkPortal], [portal]","exportAs":"cdkPortal"}]}],"members":{"__ctor__":[{"__symbolic":"constructor","parameters":[{"__symbolic":"reference","name":"TemplateRef","module":"@angular/core","arguments":[{"__symbolic":"reference","name":"any"}]},{"__symbolic":"reference","module":"@angular/core","name":"ViewContainerRef"}]}]}},"PortalHostDirective":{"__symbolic":"class","extends":{"__symbolic":"reference","name":"BasePortalHost"},"decorators":[{"__symbolic":"call","expression":{"__symbolic":"reference","module":"@angular/core","name":"Directive"},"arguments":[{"selector":"[cdkPortalHost], [portalHost]","inputs":["portal: cdkPortalHost"]}]}],"members":{"__ctor__":[{"__symbolic":"constructor","parameters":[{"__symbolic":"reference","module":"@angular/core","name":"ComponentFactoryResolver"},{"__symbolic":"reference","module":"@angular/core","name":"ViewContainerRef"}]}],"_deprecatedPortal":[{"__symbolic":"property","decorators":[{"__symbolic":"call","expression":{"__symbolic":"reference","module":"@angular/core","name":"Input"},"arguments":["portalHost"]}]}],"ngOnDestroy":[{"__symbolic":"method"}],"attachComponentPortal":[{"__symbolic":"method"}],"attachTemplatePortal":[{"__symbolic":"method"}]}},"PortalModule":{"__symbolic":"class","decorators":[{"__symbolic":"call","expression":{"__symbolic":"reference","module":"@angular/core","name":"NgModule"},"arguments":[{"exports":[{"__symbolic":"reference","name":"TemplatePortalDirective"},{"__symbolic":"reference","name":"PortalHostDirective"}],"declarations":[{"__symbolic":"reference","name":"TemplatePortalDirective"},{"__symbolic":"reference","name":"PortalHostDirective"}]}]}],"members":{}}},"origins":{"ComponentType":"./portal","Portal":"./portal","ComponentPortal":"./portal","TemplatePortal":"./portal","PortalHost":"./portal","BasePortalHost":"./portal","DomPortalHost":"./dom-portal-host","TemplatePortalDirective":"./portal-directives","PortalHostDirective":"./portal-directives","PortalModule":"./portal-directives"},"importAs":"@angular/cdk/portal"}