[{"__symbolic":"module","version":3,"metadata":{},"exports":[{"from":"./ng-transclude.directive","export":["NgTranscludeDirective"]},{"from":"./tab.directive","export":["TabDirective"]},{"from":"./tab-heading.directive","export":["TabHeadingDirective"]},{"from":"./tabset.component","export":["TabsetComponent"]},{"from":"./tabset.config","export":["TabsetConfig"]},{"from":"./tabs.module","export":["TabsModule"]}]},{"__symbolic":"module","version":1,"metadata":{},"exports":[{"from":"./ng-transclude.directive","export":["NgTranscludeDirective"]},{"from":"./tab.directive","export":["TabDirective"]},{"from":"./tab-heading.directive","export":["TabHeadingDirective"]},{"from":"./tabset.component","export":["TabsetComponent"]},{"from":"./tabset.config","export":["TabsetConfig"]},{"from":"./tabs.module","export":["TabsModule"]}]}]