[{"__symbolic":"module","version":3,"metadata":{"TabHeadingDirective":{"__symbolic":"class","decorators":[{"__symbolic":"call","expression":{"__symbolic":"reference","module":"@angular/core","name":"Directive"},"arguments":[{"selector":"[tabHeading]"}]}],"members":{"__ctor__":[{"__symbolic":"constructor","parameters":[{"__symbolic":"reference","module":"@angular/core","name":"TemplateRef","arguments":[{"__symbolic":"reference","name":"any"}]},{"__symbolic":"reference","module":"./tab.directive","name":"TabDirective"}]}]}}}},{"__symbolic":"module","version":1,"metadata":{"TabHeadingDirective":{"__symbolic":"class","decorators":[{"__symbolic":"call","expression":{"__symbolic":"reference","module":"@angular/core","name":"Directive"},"arguments":[{"selector":"[tabHeading]"}]}],"members":{"__ctor__":[{"__symbolic":"constructor","parameters":[{"__symbolic":"reference","module":"@angular/core","name":"TemplateRef","arguments":[{"__symbolic":"reference","name":"any"}]},{"__symbolic":"reference","module":"./tab.directive","name":"TabDirective"}]}]}}}}]