[{"__symbolic":"module","version":3,"metadata":{"BsDatepickerAbstractComponent":{"__symbolic":"class","members":{"setViewMode":[{"__symbolic":"method"}],"navigateTo":[{"__symbolic":"method"}],"dayHoverHandler":[{"__symbolic":"method"}],"monthHoverHandler":[{"__symbolic":"method"}],"yearHoverHandler":[{"__symbolic":"method"}],"daySelectHandler":[{"__symbolic":"method"}],"monthSelectHandler":[{"__symbolic":"method"}],"yearSelectHandler":[{"__symbolic":"method"}],"_stopPropagation":[{"__symbolic":"method"}]}}}},{"__symbolic":"module","version":1,"metadata":{"BsDatepickerAbstractComponent":{"__symbolic":"class","members":{"setViewMode":[{"__symbolic":"method"}],"navigateTo":[{"__symbolic":"method"}],"dayHoverHandler":[{"__symbolic":"method"}],"monthHoverHandler":[{"__symbolic":"method"}],"yearHoverHandler":[{"__symbolic":"method"}],"daySelectHandler":[{"__symbolic":"method"}],"monthSelectHandler":[{"__symbolic":"method"}],"yearSelectHandler":[{"__symbolic":"method"}],"_stopPropagation":[{"__symbolic":"method"}]}}}}]