[{"__symbolic":"module","version":3,"metadata":{"formatFunctions":{},"formatTokenFunctions":{},"formattingTokens":{"__symbolic":"error","message":"Expression form not supported","line":8,"character":32},"addFormatToken":{"__symbolic":"function"},"makeFormatFunction":{"__symbolic":"function"}}},{"__symbolic":"module","version":1,"metadata":{"formatFunctions":{},"formatTokenFunctions":{},"formattingTokens":{"__symbolic":"error","message":"Expression form not supported","line":8,"character":32},"addFormatToken":{"__symbolic":"function"},"makeFormatFunction":{"__symbolic":"function"}}}]