[{"__symbolic":"module","version":3,"metadata":{"getHours":{"__symbolic":"function","parameters":["date","isUTC"],"value":{"__symbolic":"if","condition":{"__symbolic":"reference","name":"isUTC"},"thenExpression":{"__symbolic":"call","expression":{"__symbolic":"select","expression":{"__symbolic":"reference","name":"date"},"member":"getUTCHours"}},"elseExpression":{"__symbolic":"call","expression":{"__symbolic":"select","expression":{"__symbolic":"reference","name":"date"},"member":"getHours"}}},"defaults":[null,false]},"getMinutes":{"__symbolic":"function","parameters":["date","isUTC"],"value":{"__symbolic":"if","condition":{"__symbolic":"reference","name":"isUTC"},"thenExpression":{"__symbolic":"call","expression":{"__symbolic":"select","expression":{"__symbolic":"reference","name":"date"},"member":"getUTCMinutes"}},"elseExpression":{"__symbolic":"call","expression":{"__symbolic":"select","expression":{"__symbolic":"reference","name":"date"},"member":"getMinutes"}}},"defaults":[null,false]},"getSeconds":{"__symbolic":"function","parameters":["date","isUTC"],"value":{"__symbolic":"if","condition":{"__symbolic":"reference","name":"isUTC"},"thenExpression":{"__symbolic":"call","expression":{"__symbolic":"select","expression":{"__symbolic":"reference","name":"date"},"member":"getUTCSeconds"}},"elseExpression":{"__symbolic":"call","expression":{"__symbolic":"select","expression":{"__symbolic":"reference","name":"date"},"member":"getSeconds"}}},"defaults":[null,false]},"getDayOfWeek":{"__symbolic":"function","parameters":["date","isUTC"],"value":{"__symbolic":"if","condition":{"__symbolic":"reference","name":"isUTC"},"thenExpression":{"__symbolic":"call","expression":{"__symbolic":"select","expression":{"__symbolic":"reference","name":"date"},"member":"getUTCDay"}},"elseExpression":{"__symbolic":"call","expression":{"__symbolic":"select","expression":{"__symbolic":"reference","name":"date"},"member":"getDay"}}},"defaults":[null,false]},"getDate":{"__symbolic":"function","parameters":["date","isUTC"],"value":{"__symbolic":"if","condition":{"__symbolic":"reference","name":"isUTC"},"thenExpression":{"__symbolic":"call","expression":{"__symbolic":"select","expression":{"__symbolic":"reference","name":"date"},"member":"getUTCDate"}},"elseExpression":{"__symbolic":"call","expression":{"__symbolic":"select","expression":{"__symbolic":"reference","name":"date"},"member":"getDate"}}},"defaults":[null,false]},"getMonth":{"__symbolic":"function","parameters":["date","isUTC"],"value":{"__symbolic":"if","condition":{"__symbolic":"reference","name":"isUTC"},"thenExpression":{"__symbolic":"call","expression":{"__symbolic":"select","expression":{"__symbolic":"reference","name":"date"},"member":"getUTCMonth"}},"elseExpression":{"__symbolic":"call","expression":{"__symbolic":"select","expression":{"__symbolic":"reference","name":"date"},"member":"getMonth"}}},"defaults":[null,false]},"getFullYear":{"__symbolic":"function","parameters":["date","isUTC"],"value":{"__symbolic":"if","condition":{"__symbolic":"reference","name":"isUTC"},"thenExpression":{"__symbolic":"call","expression":{"__symbolic":"select","expression":{"__symbolic":"reference","name":"date"},"member":"getUTCFullYear"}},"elseExpression":{"__symbolic":"call","expression":{"__symbolic":"select","expression":{"__symbolic":"reference","name":"date"},"member":"getFullYear"}}},"defaults":[null,false]},"getFirstDayOfMonth":{"__symbolic":"function","parameters":["date"],"value":{"__symbolic":"call","expression":{"__symbolic":"reference","module":"./date-setters","name":"createDate"},"arguments":[{"__symbolic":"call","expression":{"__symbolic":"select","expression":{"__symbolic":"reference","name":"date"},"member":"getFullYear"}},{"__symbolic":"call","expression":{"__symbolic":"select","expression":{"__symbolic":"reference","name":"date"},"member":"getMonth"}},1,{"__symbolic":"call","expression":{"__symbolic":"select","expression":{"__symbolic":"reference","name":"date"},"member":"getHours"}},{"__symbolic":"call","expression":{"__symbolic":"select","expression":{"__symbolic":"reference","name":"date"},"member":"getMinutes"}},{"__symbolic":"call","expression":{"__symbolic":"select","expression":{"__symbolic":"reference","name":"date"},"member":"getSeconds"}}]}},"daysInMonth":{"__symbolic":"function","parameters":["date"],"value":{"__symbolic":"call","expression":{"__symbolic":"reference","name":"_daysInMonth"},"arguments":[{"__symbolic":"call","expression":{"__symbolic":"select","expression":{"__symbolic":"reference","name":"date"},"member":"getFullYear"}},{"__symbolic":"call","expression":{"__symbolic":"select","expression":{"__symbolic":"reference","name":"date"},"member":"getMonth"}}]}},"_daysInMonth":{"__symbolic":"function","parameters":["year","month"],"value":{"__symbolic":"call","expression":{"__symbolic":"select","expression":{"__symbolic":"new","expression":{"__symbolic":"reference","name":"Date"},"arguments":[{"__symbolic":"call","expression":{"__symbolic":"select","expression":{"__symbolic":"reference","name":"Date"},"member":"UTC"},"arguments":[{"__symbolic":"reference","name":"year"},{"__symbolic":"binop","operator":"+","left":{"__symbolic":"reference","name":"month"},"right":1},0]}]},"member":"getUTCDate"}}},"isFirstDayOfWeek":{"__symbolic":"function","parameters":["date","firstDayOfWeek"],"value":{"__symbolic":"binop","operator":"===","left":{"__symbolic":"call","expression":{"__symbolic":"select","expression":{"__symbolic":"reference","name":"date"},"member":"getDay"}},"right":{"__symbolic":"reference","name":"firstDayOfWeek"}}},"isSameMonth":{"__symbolic":"function"},"isSameYear":{"__symbolic":"function"},"isSameDay":{"__symbolic":"function"}}},{"__symbolic":"module","version":1,"metadata":{"getHours":{"__symbolic":"function","parameters":["date","isUTC"],"value":{"__symbolic":"if","condition":{"__symbolic":"reference","name":"isUTC"},"thenExpression":{"__symbolic":"call","expression":{"__symbolic":"select","expression":{"__symbolic":"reference","name":"date"},"member":"getUTCHours"}},"elseExpression":{"__symbolic":"call","expression":{"__symbolic":"select","expression":{"__symbolic":"reference","name":"date"},"member":"getHours"}}},"defaults":[null,false]},"getMinutes":{"__symbolic":"function","parameters":["date","isUTC"],"value":{"__symbolic":"if","condition":{"__symbolic":"reference","name":"isUTC"},"thenExpression":{"__symbolic":"call","expression":{"__symbolic":"select","expression":{"__symbolic":"reference","name":"date"},"member":"getUTCMinutes"}},"elseExpression":{"__symbolic":"call","expression":{"__symbolic":"select","expression":{"__symbolic":"reference","name":"date"},"member":"getMinutes"}}},"defaults":[null,false]},"getSeconds":{"__symbolic":"function","parameters":["date","isUTC"],"value":{"__symbolic":"if","condition":{"__symbolic":"reference","name":"isUTC"},"thenExpression":{"__symbolic":"call","expression":{"__symbolic":"select","expression":{"__symbolic":"reference","name":"date"},"member":"getUTCSeconds"}},"elseExpression":{"__symbolic":"call","expression":{"__symbolic":"select","expression":{"__symbolic":"reference","name":"date"},"member":"getSeconds"}}},"defaults":[null,false]},"getDayOfWeek":{"__symbolic":"function","parameters":["date","isUTC"],"value":{"__symbolic":"if","condition":{"__symbolic":"reference","name":"isUTC"},"thenExpression":{"__symbolic":"call","expression":{"__symbolic":"select","expression":{"__symbolic":"reference","name":"date"},"member":"getUTCDay"}},"elseExpression":{"__symbolic":"call","expression":{"__symbolic":"select","expression":{"__symbolic":"reference","name":"date"},"member":"getDay"}}},"defaults":[null,false]},"getDate":{"__symbolic":"function","parameters":["date","isUTC"],"value":{"__symbolic":"if","condition":{"__symbolic":"reference","name":"isUTC"},"thenExpression":{"__symbolic":"call","expression":{"__symbolic":"select","expression":{"__symbolic":"reference","name":"date"},"member":"getUTCDate"}},"elseExpression":{"__symbolic":"call","expression":{"__symbolic":"select","expression":{"__symbolic":"reference","name":"date"},"member":"getDate"}}},"defaults":[null,false]},"getMonth":{"__symbolic":"function","parameters":["date","isUTC"],"value":{"__symbolic":"if","condition":{"__symbolic":"reference","name":"isUTC"},"thenExpression":{"__symbolic":"call","expression":{"__symbolic":"select","expression":{"__symbolic":"reference","name":"date"},"member":"getUTCMonth"}},"elseExpression":{"__symbolic":"call","expression":{"__symbolic":"select","expression":{"__symbolic":"reference","name":"date"},"member":"getMonth"}}},"defaults":[null,false]},"getFullYear":{"__symbolic":"function","parameters":["date","isUTC"],"value":{"__symbolic":"if","condition":{"__symbolic":"reference","name":"isUTC"},"thenExpression":{"__symbolic":"call","expression":{"__symbolic":"select","expression":{"__symbolic":"reference","name":"date"},"member":"getUTCFullYear"}},"elseExpression":{"__symbolic":"call","expression":{"__symbolic":"select","expression":{"__symbolic":"reference","name":"date"},"member":"getFullYear"}}},"defaults":[null,false]},"getFirstDayOfMonth":{"__symbolic":"function","parameters":["date"],"value":{"__symbolic":"call","expression":{"__symbolic":"reference","module":"./date-setters","name":"createDate"},"arguments":[{"__symbolic":"call","expression":{"__symbolic":"select","expression":{"__symbolic":"reference","name":"date"},"member":"getFullYear"}},{"__symbolic":"call","expression":{"__symbolic":"select","expression":{"__symbolic":"reference","name":"date"},"member":"getMonth"}},1,{"__symbolic":"call","expression":{"__symbolic":"select","expression":{"__symbolic":"reference","name":"date"},"member":"getHours"}},{"__symbolic":"call","expression":{"__symbolic":"select","expression":{"__symbolic":"reference","name":"date"},"member":"getMinutes"}},{"__symbolic":"call","expression":{"__symbolic":"select","expression":{"__symbolic":"reference","name":"date"},"member":"getSeconds"}}]}},"daysInMonth":{"__symbolic":"function","parameters":["date"],"value":{"__symbolic":"call","expression":{"__symbolic":"reference","name":"_daysInMonth"},"arguments":[{"__symbolic":"call","expression":{"__symbolic":"select","expression":{"__symbolic":"reference","name":"date"},"member":"getFullYear"}},{"__symbolic":"call","expression":{"__symbolic":"select","expression":{"__symbolic":"reference","name":"date"},"member":"getMonth"}}]}},"_daysInMonth":{"__symbolic":"function","parameters":["year","month"],"value":{"__symbolic":"call","expression":{"__symbolic":"select","expression":{"__symbolic":"new","expression":{"__symbolic":"reference","name":"Date"},"arguments":[{"__symbolic":"call","expression":{"__symbolic":"select","expression":{"__symbolic":"reference","name":"Date"},"member":"UTC"},"arguments":[{"__symbolic":"reference","name":"year"},{"__symbolic":"binop","operator":"+","left":{"__symbolic":"reference","name":"month"},"right":1},0]}]},"member":"getUTCDate"}}},"isFirstDayOfWeek":{"__symbolic":"function","parameters":["date","firstDayOfWeek"],"value":{"__symbolic":"binop","operator":"===","left":{"__symbolic":"call","expression":{"__symbolic":"select","expression":{"__symbolic":"reference","name":"date"},"member":"getDay"}},"right":{"__symbolic":"reference","name":"firstDayOfWeek"}}},"isSameMonth":{"__symbolic":"function"},"isSameYear":{"__symbolic":"function"},"isSameDay":{"__symbolic":"function"}}}]