[{"__symbolic":"module","version":3,"metadata":{"createDate":{"__symbolic":"function"},"shiftDate":{"__symbolic":"function"},"setDate":{"__symbolic":"function","parameters":["date","unit"],"value":{"__symbolic":"error","message":"Reference to a non-exported function","line":34,"character":9,"context":{"name":"getNum"}}}}},{"__symbolic":"module","version":1,"metadata":{"createDate":{"__symbolic":"function"},"shiftDate":{"__symbolic":"function"},"setDate":{"__symbolic":"function","parameters":["date","unit"],"value":{"__symbolic":"error","message":"Reference to a non-exported function","line":34,"character":9,"context":{"name":"getNum"}}}}}]