[{"__symbolic":"module","version":3,"metadata":{"isDateValid":{"__symbolic":"function","parameters":["date"],"value":{"__symbolic":"binop","operator":"&&","left":{"__symbolic":"reference","name":"date"},"right":{"__symbolic":"pre","operator":"!","operand":{"__symbolic":"call","expression":{"__symbolic":"reference","name":"isNaN"},"arguments":[{"__symbolic":"call","expression":{"__symbolic":"select","expression":{"__symbolic":"reference","name":"date"},"member":"getTime"}}]}}}},"isFunction":{"__symbolic":"function","parameters":["fn"],"value":{"__symbolic":"binop","operator":"||","left":{"__symbolic":"binop","operator":"instanceof","left":{"__symbolic":"reference","name":"fn"},"right":{"__symbolic":"reference","name":"Function"}},"right":{"__symbolic":"binop","operator":"===","left":{"__symbolic":"call","expression":{"__symbolic":"select","expression":{"__symbolic":"select","expression":{"__symbolic":"select","expression":{"__symbolic":"reference","name":"Object"},"member":"prototype"},"member":"toString"},"member":"call"},"arguments":[{"__symbolic":"reference","name":"fn"}]},"right":"[object Function]"}}},"isArray":{"__symbolic":"function","parameters":["input"],"value":{"__symbolic":"binop","operator":"||","left":{"__symbolic":"binop","operator":"instanceof","left":{"__symbolic":"reference","name":"input"},"right":{"__symbolic":"reference","name":"Array"}},"right":{"__symbolic":"binop","operator":"===","left":{"__symbolic":"call","expression":{"__symbolic":"select","expression":{"__symbolic":"select","expression":{"__symbolic":"select","expression":{"__symbolic":"reference","name":"Object"},"member":"prototype"},"member":"toString"},"member":"call"},"arguments":[{"__symbolic":"reference","name":"input"}]},"right":"[object Array]"}}},"hasOwnProp":{"__symbolic":"function","parameters":["a","b"],"value":{"__symbolic":"call","expression":{"__symbolic":"select","expression":{"__symbolic":"select","expression":{"__symbolic":"select","expression":{"__symbolic":"reference","name":"Object"},"member":"prototype"},"member":"hasOwnProperty"},"member":"call"},"arguments":[{"__symbolic":"reference","name":"a"},{"__symbolic":"reference","name":"b"}]}},"isObject":{"__symbolic":"function","parameters":["input"],"value":{"__symbolic":"binop","operator":"&&","left":{"__symbolic":"binop","operator":"!=","left":{"__symbolic":"reference","name":"input"},"right":null},"right":{"__symbolic":"binop","operator":"===","left":{"__symbolic":"call","expression":{"__symbolic":"select","expression":{"__symbolic":"select","expression":{"__symbolic":"select","expression":{"__symbolic":"reference","name":"Object"},"member":"prototype"},"member":"toString"},"member":"call"},"arguments":[{"__symbolic":"reference","name":"input"}]},"right":"[object Object]"}}},"isUndefined":{"__symbolic":"function","parameters":["input"],"value":{"__symbolic":"binop","operator":"===","left":{"__symbolic":"reference","name":"input"},"right":{"__symbolic":"error","message":"Expression form not supported","line":24,"character":19}}},"toInt":{"__symbolic":"function"}}},{"__symbolic":"module","version":1,"metadata":{"isDateValid":{"__symbolic":"function","parameters":["date"],"value":{"__symbolic":"binop","operator":"&&","left":{"__symbolic":"reference","name":"date"},"right":{"__symbolic":"pre","operator":"!","operand":{"__symbolic":"call","expression":{"__symbolic":"reference","name":"isNaN"},"arguments":[{"__symbolic":"call","expression":{"__symbolic":"select","expression":{"__symbolic":"reference","name":"date"},"member":"getTime"}}]}}}},"isFunction":{"__symbolic":"function","parameters":["fn"],"value":{"__symbolic":"binop","operator":"||","left":{"__symbolic":"binop","operator":"instanceof","left":{"__symbolic":"reference","name":"fn"},"right":{"__symbolic":"reference","name":"Function"}},"right":{"__symbolic":"binop","operator":"===","left":{"__symbolic":"call","expression":{"__symbolic":"select","expression":{"__symbolic":"select","expression":{"__symbolic":"select","expression":{"__symbolic":"reference","name":"Object"},"member":"prototype"},"member":"toString"},"member":"call"},"arguments":[{"__symbolic":"reference","name":"fn"}]},"right":"[object Function]"}}},"isArray":{"__symbolic":"function","parameters":["input"],"value":{"__symbolic":"binop","operator":"||","left":{"__symbolic":"binop","operator":"instanceof","left":{"__symbolic":"reference","name":"input"},"right":{"__symbolic":"reference","name":"Array"}},"right":{"__symbolic":"binop","operator":"===","left":{"__symbolic":"call","expression":{"__symbolic":"select","expression":{"__symbolic":"select","expression":{"__symbolic":"select","expression":{"__symbolic":"reference","name":"Object"},"member":"prototype"},"member":"toString"},"member":"call"},"arguments":[{"__symbolic":"reference","name":"input"}]},"right":"[object Array]"}}},"hasOwnProp":{"__symbolic":"function","parameters":["a","b"],"value":{"__symbolic":"call","expression":{"__symbolic":"select","expression":{"__symbolic":"select","expression":{"__symbolic":"select","expression":{"__symbolic":"reference","name":"Object"},"member":"prototype"},"member":"hasOwnProperty"},"member":"call"},"arguments":[{"__symbolic":"reference","name":"a"},{"__symbolic":"reference","name":"b"}]}},"isObject":{"__symbolic":"function","parameters":["input"],"value":{"__symbolic":"binop","operator":"&&","left":{"__symbolic":"binop","operator":"!=","left":{"__symbolic":"reference","name":"input"},"right":null},"right":{"__symbolic":"binop","operator":"===","left":{"__symbolic":"call","expression":{"__symbolic":"select","expression":{"__symbolic":"select","expression":{"__symbolic":"select","expression":{"__symbolic":"reference","name":"Object"},"member":"prototype"},"member":"toString"},"member":"call"},"arguments":[{"__symbolic":"reference","name":"input"}]},"right":"[object Object]"}}},"isUndefined":{"__symbolic":"function","parameters":["input"],"value":{"__symbolic":"binop","operator":"===","left":{"__symbolic":"reference","name":"input"},"right":{"__symbolic":"error","message":"Expression form not supported","line":24,"character":19}}},"toInt":{"__symbolic":"function"}}}]