{"__symbolic":"module","version":3,"metadata":{"BidiModule":{"__symbolic":"class","decorators":[{"__symbolic":"call","expression":{"__symbolic":"reference","module":"@angular/core","name":"NgModule"},"arguments":[{"exports":[{"__symbolic":"reference","name":"Dir"}],"declarations":[{"__symbolic":"reference","name":"Dir"}],"providers":[{"provide":{"__symbolic":"reference","name":"DIR_DOCUMENT"},"useExisting":{"__symbolic":"reference","module":"@angular/platform-browser","name":"DOCUMENT"}},{"__symbolic":"reference","name":"Directionality"}]}]}],"members":{}},"Directionality":{"__symbolic":"class","decorators":[{"__symbolic":"call","expression":{"__symbolic":"reference","module":"@angular/core","name":"Injectable"}}],"members":{"__ctor__":[{"__symbolic":"constructor","parameterDecorators":[[{"__symbolic":"call","expression":{"__symbolic":"reference","module":"@angular/core","name":"Optional"}},{"__symbolic":"call","expression":{"__symbolic":"reference","module":"@angular/core","name":"Inject"},"arguments":[{"__symbolic":"reference","name":"DIR_DOCUMENT"}]}]],"parameters":[{"__symbolic":"reference","name":"any"}]}]}},"DIRECTIONALITY_PROVIDER_FACTORY":{"__symbolic":"function","parameters":["parentDirectionality","_document"],"value":{"__symbolic":"binop","operator":"||","left":{"__symbolic":"reference","name":"parentDirectionality"},"right":{"__symbolic":"new","expression":{"__symbolic":"reference","name":"Directionality"},"arguments":[{"__symbolic":"reference","name":"_document"}]}}},"DIRECTIONALITY_PROVIDER":{"provide":{"__symbolic":"reference","name":"Directionality"},"deps":[[{"__symbolic":"new","expression":{"__symbolic":"reference","module":"@angular/core","name":"Optional"}},{"__symbolic":"new","expression":{"__symbolic":"reference","module":"@angular/core","name":"SkipSelf"}},{"__symbolic":"reference","name":"Directionality"}],[{"__symbolic":"new","expression":{"__symbolic":"reference","module":"@angular/core","name":"Optional"}},{"__symbolic":"reference","module":"@angular/platform-browser","name":"DOCUMENT"}]],"useFactory":{"__symbolic":"reference","name":"DIRECTIONALITY_PROVIDER_FACTORY"}},"DIR_DOCUMENT":{"__symbolic":"new","expression":{"__symbolic":"reference","module":"@angular/core","name":"InjectionToken"},"arguments":["md-dir-doc"]},"Dir":{"__symbolic":"class","decorators":[{"__symbolic":"call","expression":{"__symbolic":"reference","module":"@angular/core","name":"Directive"},"arguments":[{"selector":"[dir]","providers":[{"provide":{"__symbolic":"reference","name":"Directionality"},"useExisting":{"__symbolic":"reference","name":"Dir"}}],"host":{"[dir]":"dir"},"exportAs":"dir"}]}],"members":{"change":[{"__symbolic":"property","decorators":[{"__symbolic":"call","expression":{"__symbolic":"reference","module":"@angular/core","name":"Output"},"arguments":["dirChange"]}]}],"dir":[{"__symbolic":"property","decorators":[{"__symbolic":"call","expression":{"__symbolic":"reference","module":"@angular/core","name":"Input"},"arguments":["dir"]}]}],"ngAfterContentInit":[{"__symbolic":"method"}]}}},"origins":{"BidiModule":"./public_api","Directionality":"./directionality","DIRECTIONALITY_PROVIDER_FACTORY":"./directionality","DIRECTIONALITY_PROVIDER":"./directionality","DIR_DOCUMENT":"./directionality","Direction":"./directionality","Dir":"./dir"},"importAs":"@angular/cdk/bidi"}