{"__symbolic":"module","version":3,"exports":[{"export":[{"name":"ComponentType","as":"ComponentType"}],"from":"@angular/cdk/portal"}],"metadata":{"OVERLAY_PROVIDERS":[{"__symbolic":"reference","name":"Overlay"},{"__symbolic":"reference","name":"ɵi"},{"__symbolic":"reference","name":"VIEWPORT_RULER_PROVIDER"},{"__symbolic":"reference","name":"ɵb"},{"__symbolic":"reference","name":"ɵe"}],"OverlayModule":{"__symbolic":"class","decorators":[{"__symbolic":"call","expression":{"__symbolic":"reference","module":"@angular/core","name":"NgModule"},"arguments":[{"imports":[{"__symbolic":"reference","module":"@angular/cdk/portal","name":"PortalModule"},{"__symbolic":"reference","name":"ScrollDispatchModule"}],"exports":[{"__symbolic":"reference","name":"ConnectedOverlayDirective"},{"__symbolic":"reference","name":"OverlayOrigin"},{"__symbolic":"reference","name":"ScrollDispatchModule"}],"declarations":[{"__symbolic":"reference","name":"ConnectedOverlayDirective"},{"__symbolic":"reference","name":"OverlayOrigin"}],"providers":[{"__symbolic":"reference","name":"OVERLAY_PROVIDERS"}]}]}],"members":{}},"Overlay":{"__symbolic":"class","decorators":[{"__symbolic":"call","expression":{"__symbolic":"reference","module":"@angular/core","name":"Injectable"}}],"members":{"__ctor__":[{"__symbolic":"constructor","parameters":[{"__symbolic":"reference","name":"ScrollStrategyOptions"},{"__symbolic":"reference","name":"OverlayContainer"},{"__symbolic":"reference","module":"@angular/core","name":"ComponentFactoryResolver"},{"__symbolic":"reference","name":"ɵi"},{"__symbolic":"reference","module":"@angular/core","name":"ApplicationRef"},{"__symbolic":"reference","module":"@angular/core","name":"Injector"},{"__symbolic":"reference","module":"@angular/core","name":"NgZone"}]}],"create":[{"__symbolic":"method"}],"position":[{"__symbolic":"method"}],"_createPaneElement":[{"__symbolic":"method"}],"_createPortalHost":[{"__symbolic":"method"}]}},"ɵa":{"__symbolic":"function","parameters":["parentContainer"],"value":{"__symbolic":"binop","operator":"||","left":{"__symbolic":"reference","name":"parentContainer"},"right":{"__symbolic":"new","expression":{"__symbolic":"reference","name":"OverlayContainer"}}}},"ɵb":{"provide":{"__symbolic":"reference","name":"OverlayContainer"},"deps":[[{"__symbolic":"new","expression":{"__symbolic":"reference","module":"@angular/core","name":"Optional"}},{"__symbolic":"new","expression":{"__symbolic":"reference","module":"@angular/core","name":"SkipSelf"}},{"__symbolic":"reference","name":"OverlayContainer"}]],"useFactory":{"__symbolic":"reference","name":"ɵa"}},"OverlayContainer":{"__symbolic":"class","decorators":[{"__symbolic":"call","expression":{"__symbolic":"reference","module":"@angular/core","name":"Injectable"}}],"members":{"getContainerElement":[{"__symbolic":"method"}],"_createContainer":[{"__symbolic":"method"}]}},"FullscreenOverlayContainer":{"__symbolic":"class","extends":{"__symbolic":"reference","name":"OverlayContainer"},"decorators":[{"__symbolic":"call","expression":{"__symbolic":"reference","module":"@angular/core","name":"Injectable"}}],"members":{"_createContainer":[{"__symbolic":"method"}],"_adjustParentForFullscreenChange":[{"__symbolic":"method"}],"_addFullscreenChangeListener":[{"__symbolic":"method"}],"getFullscreenElement":[{"__symbolic":"method"}]}},"OverlayRef":{"__symbolic":"class","members":{"__ctor__":[{"__symbolic":"constructor","parameters":[{"__symbolic":"reference","module":"@angular/cdk/portal","name":"PortalHost"},{"__symbolic":"error","message":"Could not resolve type","line":27,"character":21,"context":{"typeName":"HTMLElement"},"module":"./overlay-ref"},{"__symbolic":"reference","name":"OverlayState"},{"__symbolic":"reference","module":"@angular/core","name":"NgZone"}]}],"attach":[{"__symbolic":"method"}],"detach":[{"__symbolic":"method"}],"dispose":[{"__symbolic":"method"}],"hasAttached":[{"__symbolic":"method"}],"backdropClick":[{"__symbolic":"method"}],"attachments":[{"__symbolic":"method"}],"detachments":[{"__symbolic":"method"}],"getState":[{"__symbolic":"method"}],"updatePosition":[{"__symbolic":"method"}],"updateDirection":[{"__symbolic":"method"}],"updateSize":[{"__symbolic":"method"}],"_togglePointerEvents":[{"__symbolic":"method"}],"_attachBackdrop":[{"__symbolic":"method"}],"_updateStackingOrder":[{"__symbolic":"method"}],"detachBackdrop":[{"__symbolic":"method"}]}},"OverlayState":{"__symbolic":"class","members":{}},"ɵc":{"__symbolic":"new","expression":{"__symbolic":"reference","module":"@angular/core","name":"InjectionToken"},"arguments":["md-connected-overlay-scroll-strategy"]},"ɵd":{"__symbolic":"function","parameters":["overlay"],"value":{"__symbolic":"error","message":"Function call not supported","line":60,"character":9,"module":"./overlay-directives"}},"ɵe":{"provide":{"__symbolic":"reference","name":"ɵc"},"deps":[{"__symbolic":"reference","name":"Overlay"}],"useFactory":{"__symbolic":"reference","name":"ɵd"}},"ConnectedOverlayDirective":{"__symbolic":"class","decorators":[{"__symbolic":"call","expression":{"__symbolic":"reference","module":"@angular/core","name":"Directive"},"arguments":[{"selector":"[cdk-connected-overlay], [connected-overlay], [cdkConnectedOverlay]","exportAs":"cdkConnectedOverlay"}]}],"members":{"origin":[{"__symbolic":"property","decorators":[{"__symbolic":"call","expression":{"__symbolic":"reference","module":"@angular/core","name":"Input"},"arguments":["cdkConnectedOverlayOrigin"]}]}],"positions":[{"__symbolic":"property","decorators":[{"__symbolic":"call","expression":{"__symbolic":"reference","module":"@angular/core","name":"Input"},"arguments":["cdkConnectedOverlayPositions"]}]}],"offsetX":[{"__symbolic":"property","decorators":[{"__symbolic":"call","expression":{"__symbolic":"reference","module":"@angular/core","name":"Input"},"arguments":["cdkConnectedOverlayOffsetX"]}]}],"offsetY":[{"__symbolic":"property","decorators":[{"__symbolic":"call","expression":{"__symbolic":"reference","module":"@angular/core","name":"Input"},"arguments":["cdkConnectedOverlayOffsetY"]}]}],"width":[{"__symbolic":"property","decorators":[{"__symbolic":"call","expression":{"__symbolic":"reference","module":"@angular/core","name":"Input"},"arguments":["cdkConnectedOverlayWidth"]}]}],"height":[{"__symbolic":"property","decorators":[{"__symbolic":"call","expression":{"__symbolic":"reference","module":"@angular/core","name":"Input"},"arguments":["cdkConnectedOverlayHeight"]}]}],"minWidth":[{"__symbolic":"property","decorators":[{"__symbolic":"call","expression":{"__symbolic":"reference","module":"@angular/core","name":"Input"},"arguments":["cdkConnectedOverlayMinWidth"]}]}],"minHeight":[{"__symbolic":"property","decorators":[{"__symbolic":"call","expression":{"__symbolic":"reference","module":"@angular/core","name":"Input"},"arguments":["cdkConnectedOverlayMinHeight"]}]}],"backdropClass":[{"__symbolic":"property","decorators":[{"__symbolic":"call","expression":{"__symbolic":"reference","module":"@angular/core","name":"Input"},"arguments":["cdkConnectedOverlayBackdropClass"]}]}],"scrollStrategy":[{"__symbolic":"property","decorators":[{"__symbolic":"call","expression":{"__symbolic":"reference","module":"@angular/core","name":"Input"},"arguments":["cdkConnectedOverlayScrollStrategy"]}]}],"open":[{"__symbolic":"property","decorators":[{"__symbolic":"call","expression":{"__symbolic":"reference","module":"@angular/core","name":"Input"},"arguments":["cdkConnectedOverlayOpen"]}]}],"hasBackdrop":[{"__symbolic":"property","decorators":[{"__symbolic":"call","expression":{"__symbolic":"reference","module":"@angular/core","name":"Input"},"arguments":["cdkConnectedOverlayHasBackdrop"]}]}],"_deprecatedOrigin":[{"__symbolic":"property","decorators":[{"__symbolic":"call","expression":{"__symbolic":"reference","module":"@angular/core","name":"Input"},"arguments":["origin"]}]}],"_deprecatedPositions":[{"__symbolic":"property","decorators":[{"__symbolic":"call","expression":{"__symbolic":"reference","module":"@angular/core","name":"Input"},"arguments":["positions"]}]}],"_deprecatedOffsetX":[{"__symbolic":"property","decorators":[{"__symbolic":"call","expression":{"__symbolic":"reference","module":"@angular/core","name":"Input"},"arguments":["offsetX"]}]}],"_deprecatedOffsetY":[{"__symbolic":"property","decorators":[{"__symbolic":"call","expression":{"__symbolic":"reference","module":"@angular/core","name":"Input"},"arguments":["offsetY"]}]}],"_deprecatedWidth":[{"__symbolic":"property","decorators":[{"__symbolic":"call","expression":{"__symbolic":"reference","module":"@angular/core","name":"Input"},"arguments":["width"]}]}],"_deprecatedHeight":[{"__symbolic":"property","decorators":[{"__symbolic":"call","expression":{"__symbolic":"reference","module":"@angular/core","name":"Input"},"arguments":["height"]}]}],"_deprecatedMinWidth":[{"__symbolic":"property","decorators":[{"__symbolic":"call","expression":{"__symbolic":"reference","module":"@angular/core","name":"Input"},"arguments":["minWidth"]}]}],"_deprecatedMinHeight":[{"__symbolic":"property","decorators":[{"__symbolic":"call","expression":{"__symbolic":"reference","module":"@angular/core","name":"Input"},"arguments":["minHeight"]}]}],"_deprecatedBackdropClass":[{"__symbolic":"property","decorators":[{"__symbolic":"call","expression":{"__symbolic":"reference","module":"@angular/core","name":"Input"},"arguments":["backdropClass"]}]}],"_deprecatedScrollStrategy":[{"__symbolic":"property","decorators":[{"__symbolic":"call","expression":{"__symbolic":"reference","module":"@angular/core","name":"Input"},"arguments":["scrollStrategy"]}]}],"_deprecatedOpen":[{"__symbolic":"property","decorators":[{"__symbolic":"call","expression":{"__symbolic":"reference","module":"@angular/core","name":"Input"},"arguments":["open"]}]}],"_deprecatedHasBackdrop":[{"__symbolic":"property","decorators":[{"__symbolic":"call","expression":{"__symbolic":"reference","module":"@angular/core","name":"Input"},"arguments":["hasBackdrop"]}]}],"backdropClick":[{"__symbolic":"property","decorators":[{"__symbolic":"call","expression":{"__symbolic":"reference","module":"@angular/core","name":"Output"}}]}],"positionChange":[{"__symbolic":"property","decorators":[{"__symbolic":"call","expression":{"__symbolic":"reference","module":"@angular/core","name":"Output"}}]}],"attach":[{"__symbolic":"property","decorators":[{"__symbolic":"call","expression":{"__symbolic":"reference","module":"@angular/core","name":"Output"}}]}],"detach":[{"__symbolic":"property","decorators":[{"__symbolic":"call","expression":{"__symbolic":"reference","module":"@angular/core","name":"Output"}}]}],"__ctor__":[{"__symbolic":"constructor","parameterDecorators":[null,null,null,null,[{"__symbolic":"call","expression":{"__symbolic":"reference","module":"@angular/core","name":"Inject"},"arguments":[{"__symbolic":"reference","name":"ɵc"}]}],[{"__symbolic":"call","expression":{"__symbolic":"reference","module":"@angular/core","name":"Optional"}}]],"parameters":[{"__symbolic":"reference","name":"Overlay"},{"__symbolic":"reference","module":"@angular/core","name":"Renderer2"},{"__symbolic":"reference","name":"TemplateRef","module":"@angular/core","arguments":[{"__symbolic":"reference","name":"any"}]},{"__symbolic":"reference","module":"@angular/core","name":"ViewContainerRef"},null,{"__symbolic":"reference","module":"@angular/cdk/bidi","name":"Directionality"}]}],"ngOnDestroy":[{"__symbolic":"method"}],"ngOnChanges":[{"__symbolic":"method"}],"_createOverlay":[{"__symbolic":"method"}],"_buildConfig":[{"__symbolic":"method"}],"_createPositionStrategy":[{"__symbolic":"method"}],"_handlePositionChanges":[{"__symbolic":"method"}],"_attachOverlay":[{"__symbolic":"method"}],"_detachOverlay":[{"__symbolic":"method"}],"_destroyOverlay":[{"__symbolic":"method"}],"_initEscapeListener":[{"__symbolic":"method"}]}},"OverlayOrigin":{"__symbolic":"class","decorators":[{"__symbolic":"call","expression":{"__symbolic":"reference","module":"@angular/core","name":"Directive"},"arguments":[{"selector":"[cdk-overlay-origin], [overlay-origin], [cdkOverlayOrigin]","exportAs":"cdkOverlayOrigin"}]}],"members":{"__ctor__":[{"__symbolic":"constructor","parameters":[{"__symbolic":"reference","module":"@angular/core","name":"ElementRef"}]}]}},"ɵf":{"__symbolic":"function","parameters":["parentRuler","scrollDispatcher"],"value":{"__symbolic":"binop","operator":"||","left":{"__symbolic":"reference","name":"parentRuler"},"right":{"__symbolic":"new","expression":{"__symbolic":"reference","name":"ViewportRuler"},"arguments":[{"__symbolic":"reference","name":"scrollDispatcher"}]}}},"ViewportRuler":{"__symbolic":"class","decorators":[{"__symbolic":"call","expression":{"__symbolic":"reference","module":"@angular/core","name":"Injectable"}}],"members":{"__ctor__":[{"__symbolic":"constructor","parameters":[{"__symbolic":"reference","name":"ScrollDispatcher"}]}],"getViewportRect":[{"__symbolic":"method"}],"getViewportScrollPosition":[{"__symbolic":"method"}],"_cacheViewportGeometry":[{"__symbolic":"method"}]}},"OriginConnectionPosition":{"__symbolic":"interface"},"OverlayConnectionPosition":{"__symbolic":"interface"},"ConnectionPositionPair":{"__symbolic":"class","members":{"__ctor__":[{"__symbolic":"constructor","parameters":[{"__symbolic":"reference","name":"any"},{"__symbolic":"reference","name":"any"}]}]}},"ScrollableViewProperties":{"__symbolic":"class","members":{}},"ConnectedOverlayPositionChange":{"__symbolic":"class","members":{"__ctor__":[{"__symbolic":"constructor","parameterDecorators":[null,[{"__symbolic":"call","expression":{"__symbolic":"reference","module":"@angular/core","name":"Optional"}}]],"parameters":[{"__symbolic":"reference","name":"ConnectionPositionPair"},{"__symbolic":"reference","name":"ScrollableViewProperties"}]}]}},"ɵg":{"__symbolic":"function","parameters":["parentDispatcher","ngZone","platform"],"value":{"__symbolic":"binop","operator":"||","left":{"__symbolic":"reference","name":"parentDispatcher"},"right":{"__symbolic":"new","expression":{"__symbolic":"reference","name":"ScrollDispatcher"},"arguments":[{"__symbolic":"reference","name":"ngZone"},{"__symbolic":"reference","name":"platform"}]}}},"ɵh":{"provide":{"__symbolic":"reference","name":"ScrollDispatcher"},"deps":[[{"__symbolic":"new","expression":{"__symbolic":"reference","module":"@angular/core","name":"Optional"}},{"__symbolic":"new","expression":{"__symbolic":"reference","module":"@angular/core","name":"SkipSelf"}},{"__symbolic":"reference","name":"ScrollDispatcher"}],{"__symbolic":"reference","module":"@angular/core","name":"NgZone"},{"__symbolic":"reference","module":"@angular/cdk/platform","name":"Platform"}],"useFactory":{"__symbolic":"reference","name":"ɵg"}},"ScrollDispatchModule":{"__symbolic":"class","decorators":[{"__symbolic":"call","expression":{"__symbolic":"reference","module":"@angular/core","name":"NgModule"},"arguments":[{"imports":[{"__symbolic":"reference","module":"@angular/cdk/platform","name":"PlatformModule"}],"exports":[{"__symbolic":"reference","name":"Scrollable"}],"declarations":[{"__symbolic":"reference","name":"Scrollable"}],"providers":[{"__symbolic":"reference","name":"ɵh"},{"__symbolic":"reference","name":"ScrollStrategyOptions"}]}]}],"members":{}},"Scrollable":{"__symbolic":"class","decorators":[{"__symbolic":"call","expression":{"__symbolic":"reference","module":"@angular/core","name":"Directive"},"arguments":[{"selector":"[cdk-scrollable], [cdkScrollable]"}]}],"members":{"__ctor__":[{"__symbolic":"constructor","parameters":[{"__symbolic":"reference","module":"@angular/core","name":"ElementRef"},{"__symbolic":"reference","name":"ScrollDispatcher"},{"__symbolic":"reference","module":"@angular/core","name":"NgZone"},{"__symbolic":"reference","module":"@angular/core","name":"Renderer2"}]}],"ngOnInit":[{"__symbolic":"method"}],"ngOnDestroy":[{"__symbolic":"method"}],"elementScrolled":[{"__symbolic":"method"}],"getElementRef":[{"__symbolic":"method"}]}},"ScrollDispatcher":{"__symbolic":"class","decorators":[{"__symbolic":"call","expression":{"__symbolic":"reference","module":"@angular/core","name":"Injectable"}}],"members":{"__ctor__":[{"__symbolic":"constructor","parameters":[{"__symbolic":"reference","module":"@angular/core","name":"NgZone"},{"__symbolic":"reference","module":"@angular/cdk/platform","name":"Platform"}]}],"register":[{"__symbolic":"method"}],"deregister":[{"__symbolic":"method"}],"scrolled":[{"__symbolic":"method"}],"getScrollContainers":[{"__symbolic":"method"}],"scrollableContainsElement":[{"__symbolic":"method"}],"_notify":[{"__symbolic":"method"}]}},"ScrollStrategy":{"__symbolic":"interface"},"ScrollStrategyOptions":{"__symbolic":"class","decorators":[{"__symbolic":"call","expression":{"__symbolic":"reference","module":"@angular/core","name":"Injectable"}}],"members":{"__ctor__":[{"__symbolic":"constructor","parameters":[{"__symbolic":"reference","name":"ScrollDispatcher"},{"__symbolic":"reference","name":"ViewportRuler"}]}]}},"RepositionScrollStrategy":{"__symbolic":"class","members":{"__ctor__":[{"__symbolic":"constructor","parameters":[{"__symbolic":"reference","name":"ScrollDispatcher"},{"__symbolic":"reference","name":"any"}]}],"attach":[{"__symbolic":"method"}],"enable":[{"__symbolic":"method"}],"disable":[{"__symbolic":"method"}]}},"CloseScrollStrategy":{"__symbolic":"class","members":{"__ctor__":[{"__symbolic":"constructor","parameters":[{"__symbolic":"reference","name":"ScrollDispatcher"}]}],"attach":[{"__symbolic":"method"}],"enable":[{"__symbolic":"method"}],"disable":[{"__symbolic":"method"}]}},"NoopScrollStrategy":{"__symbolic":"class","members":{"enable":[{"__symbolic":"method"}],"disable":[{"__symbolic":"method"}],"attach":[{"__symbolic":"method"}]}},"BlockScrollStrategy":{"__symbolic":"class","members":{"__ctor__":[{"__symbolic":"constructor","parameters":[{"__symbolic":"reference","name":"ViewportRuler"}]}],"attach":[{"__symbolic":"method"}],"enable":[{"__symbolic":"method"}],"disable":[{"__symbolic":"method"}],"_canBeEnabled":[{"__symbolic":"method"}]}},"PositionStrategy":{"__symbolic":"interface"},"GlobalPositionStrategy":{"__symbolic":"class","members":{"top":[{"__symbolic":"method"}],"left":[{"__symbolic":"method"}],"bottom":[{"__symbolic":"method"}],"right":[{"__symbolic":"method"}],"width":[{"__symbolic":"method"}],"height":[{"__symbolic":"method"}],"centerHorizontally":[{"__symbolic":"method"}],"centerVertically":[{"__symbolic":"method"}],"apply":[{"__symbolic":"method"}],"dispose":[{"__symbolic":"method"}]}},"ConnectedPositionStrategy":{"__symbolic":"class","members":{"__ctor__":[{"__symbolic":"constructor","parameters":[{"__symbolic":"reference","module":"@angular/core","name":"ElementRef"},{"__symbolic":"reference","name":"OriginConnectionPosition"},{"__symbolic":"reference","name":"OverlayConnectionPosition"},{"__symbolic":"reference","name":"ViewportRuler"}]}],"dispose":[{"__symbolic":"method"}],"apply":[{"__symbolic":"method"}],"recalculateLastPosition":[{"__symbolic":"method"}],"withScrollableContainers":[{"__symbolic":"method"}],"withFallbackPosition":[{"__symbolic":"method"}],"withDirection":[{"__symbolic":"method"}],"withOffsetX":[{"__symbolic":"method"}],"withOffsetY":[{"__symbolic":"method"}],"_getStartX":[{"__symbolic":"method"}],"_getEndX":[{"__symbolic":"method"}],"_getOriginConnectionPoint":[{"__symbolic":"method"}],"_getOverlayPoint":[{"__symbolic":"method"}],"getScrollableViewProperties":[{"__symbolic":"method"}],"isElementOutsideView":[{"__symbolic":"method"}],"isElementClipped":[{"__symbolic":"method"}],"_setElementPosition":[{"__symbolic":"method"}],"_getElementBounds":[{"__symbolic":"method"}],"_subtractOverflows":[{"__symbolic":"method"}]}},"VIEWPORT_RULER_PROVIDER":{"provide":{"__symbolic":"reference","name":"ViewportRuler"},"deps":[[{"__symbolic":"new","expression":{"__symbolic":"reference","module":"@angular/core","name":"Optional"}},{"__symbolic":"new","expression":{"__symbolic":"reference","module":"@angular/core","name":"SkipSelf"}},{"__symbolic":"reference","name":"ViewportRuler"}],{"__symbolic":"reference","name":"ScrollDispatcher"}],"useFactory":{"__symbolic":"reference","name":"ɵf"}},"ɵi":{"__symbolic":"class","decorators":[{"__symbolic":"call","expression":{"__symbolic":"reference","module":"@angular/core","name":"Injectable"}}],"members":{"__ctor__":[{"__symbolic":"constructor","parameters":[{"__symbolic":"reference","name":"ViewportRuler"}]}],"global":[{"__symbolic":"method"}],"connectedTo":[{"__symbolic":"method"}]}}},"origins":{"OVERLAY_PROVIDERS":"./public_api","OverlayModule":"./public_api","Overlay":"./overlay","ɵa":"./overlay-container","ɵb":"./overlay-container","OverlayContainer":"./overlay-container","FullscreenOverlayContainer":"./fullscreen-overlay-container","OverlayRef":"./overlay-ref","OverlayState":"./overlay-state","ɵc":"./overlay-directives","ɵd":"./overlay-directives","ɵe":"./overlay-directives","ConnectedOverlayDirective":"./overlay-directives","OverlayOrigin":"./overlay-directives","ɵf":"./position/viewport-ruler","ViewportRuler":"./position/viewport-ruler","OriginConnectionPosition":"./position/connected-position","OverlayConnectionPosition":"./position/connected-position","ConnectionPositionPair":"./position/connected-position","ScrollableViewProperties":"./position/connected-position","ConnectedOverlayPositionChange":"./position/connected-position","ɵg":"./scroll/scroll-dispatcher","ɵh":"./scroll/scroll-dispatcher","ScrollDispatchModule":"./scroll/index","Scrollable":"./scroll/scrollable","ScrollDispatcher":"./scroll/scroll-dispatcher","ScrollStrategy":"./scroll/scroll-strategy","ScrollStrategyOptions":"./scroll/scroll-strategy-options","RepositionScrollStrategy":"./scroll/reposition-scroll-strategy","CloseScrollStrategy":"./scroll/close-scroll-strategy","NoopScrollStrategy":"./scroll/noop-scroll-strategy","BlockScrollStrategy":"./scroll/block-scroll-strategy","PositionStrategy":"./position/position-strategy","GlobalPositionStrategy":"./position/global-position-strategy","ConnectedPositionStrategy":"./position/connected-position-strategy","VIEWPORT_RULER_PROVIDER":"./position/viewport-ruler","ɵi":"./position/overlay-position-builder"},"importAs":"@angular/cdk/overlay"}