[{"__symbolic":"module","version":3,"metadata":{"NavigationViewModel":{"__symbolic":"interface"},"CalendarCellViewModel":{"__symbolic":"interface"},"DayViewModel":{"__symbolic":"interface"},"WeekViewModel":{"__symbolic":"interface"},"DaysCalendarViewModel":{"__symbolic":"interface"},"MonthsCalendarViewModel":{"__symbolic":"interface"},"YearsCalendarViewModel":{"__symbolic":"interface"},"DaysCalendarModel":{"__symbolic":"interface"},"MonthViewOptions":{"__symbolic":"interface"},"DatepickerFormatOptions":{"__symbolic":"interface"},"DatepickerRenderOptions":{"__symbolic":"interface"},"BsNavigationDirection":{"UP":0,"DOWN":1},"BsNavigationEvent":{"__symbolic":"interface"},"BsViewNavigationEvent":{"__symbolic":"interface"},"CellHoverEvent":{"__symbolic":"interface"}}},{"__symbolic":"module","version":1,"metadata":{"NavigationViewModel":{"__symbolic":"interface"},"CalendarCellViewModel":{"__symbolic":"interface"},"DayViewModel":{"__symbolic":"interface"},"WeekViewModel":{"__symbolic":"interface"},"DaysCalendarViewModel":{"__symbolic":"interface"},"MonthsCalendarViewModel":{"__symbolic":"interface"},"YearsCalendarViewModel":{"__symbolic":"interface"},"DaysCalendarModel":{"__symbolic":"interface"},"MonthViewOptions":{"__symbolic":"interface"},"DatepickerFormatOptions":{"__symbolic":"interface"},"DatepickerRenderOptions":{"__symbolic":"interface"},"BsNavigationDirection":{"UP":0,"DOWN":1},"BsNavigationEvent":{"__symbolic":"interface"},"BsViewNavigationEvent":{"__symbolic":"interface"},"CellHoverEvent":{"__symbolic":"interface"}}}]