[{"__symbolic":"module","version":3,"metadata":{"BsRootModule":{"__symbolic":"class","decorators":[{"__symbolic":"call","expression":{"__symbolic":"reference","module":"@angular/core","name":"NgModule"},"arguments":[{"imports":[{"__symbolic":"call","expression":{"__symbolic":"select","expression":{"__symbolic":"reference","module":"./accordion/accordion.module","name":"AccordionModule"},"member":"forRoot"}},{"__symbolic":"call","expression":{"__symbolic":"select","expression":{"__symbolic":"reference","module":"./alert/alert.module","name":"AlertModule"},"member":"forRoot"}},{"__symbolic":"call","expression":{"__symbolic":"select","expression":{"__symbolic":"reference","module":"./buttons/buttons.module","name":"ButtonsModule"},"member":"forRoot"}},{"__symbolic":"call","expression":{"__symbolic":"select","expression":{"__symbolic":"reference","module":"./carousel/carousel.module","name":"CarouselModule"},"member":"forRoot"}},{"__symbolic":"call","expression":{"__symbolic":"select","expression":{"__symbolic":"reference","module":"./collapse/collapse.module","name":"CollapseModule"},"member":"forRoot"}},{"__symbolic":"call","expression":{"__symbolic":"select","expression":{"__symbolic":"reference","module":"./datepicker/datepicker.module","name":"DatepickerModule"},"member":"forRoot"}},{"__symbolic":"call","expression":{"__symbolic":"select","expression":{"__symbolic":"reference","module":"./dropdown/bs-dropdown.module","name":"BsDropdownModule"},"member":"forRoot"}},{"__symbolic":"call","expression":{"__symbolic":"select","expression":{"__symbolic":"reference","module":"./modal/modal.module","name":"ModalModule"},"member":"forRoot"}},{"__symbolic":"call","expression":{"__symbolic":"select","expression":{"__symbolic":"reference","module":"./pagination/pagination.module","name":"PaginationModule"},"member":"forRoot"}},{"__symbolic":"call","expression":{"__symbolic":"select","expression":{"__symbolic":"reference","module":"./progressbar/progressbar.module","name":"ProgressbarModule"},"member":"forRoot"}},{"__symbolic":"call","expression":{"__symbolic":"select","expression":{"__symbolic":"reference","module":"./popover/popover.module","name":"PopoverModule"},"member":"forRoot"}},{"__symbolic":"call","expression":{"__symbolic":"select","expression":{"__symbolic":"reference","module":"./rating/rating.module","name":"RatingModule"},"member":"forRoot"}},{"__symbolic":"call","expression":{"__symbolic":"select","expression":{"__symbolic":"reference","module":"./tabs/tabs.module","name":"TabsModule"},"member":"forRoot"}},{"__symbolic":"call","expression":{"__symbolic":"select","expression":{"__symbolic":"reference","module":"./timepicker/timepicker.module","name":"TimepickerModule"},"member":"forRoot"}},{"__symbolic":"call","expression":{"__symbolic":"select","expression":{"__symbolic":"reference","module":"./tooltip/tooltip.module","name":"TooltipModule"},"member":"forRoot"}},{"__symbolic":"call","expression":{"__symbolic":"select","expression":{"__symbolic":"reference","module":"./typeahead/typeahead.module","name":"TypeaheadModule"},"member":"forRoot"}},{"__symbolic":"call","expression":{"__symbolic":"select","expression":{"__symbolic":"reference","module":"./sortable","name":"SortableModule"},"member":"forRoot"}}],"exports":[{"__symbolic":"reference","module":"./accordion/accordion.module","name":"AccordionModule"},{"__symbolic":"reference","module":"./alert/alert.module","name":"AlertModule"},{"__symbolic":"reference","module":"./buttons/buttons.module","name":"ButtonsModule"},{"__symbolic":"reference","module":"./carousel/carousel.module","name":"CarouselModule"},{"__symbolic":"reference","module":"./collapse/collapse.module","name":"CollapseModule"},{"__symbolic":"reference","module":"./datepicker/datepicker.module","name":"DatepickerModule"},{"__symbolic":"reference","module":"./dropdown/bs-dropdown.module","name":"BsDropdownModule"},{"__symbolic":"reference","module":"./modal/modal.module","name":"ModalModule"},{"__symbolic":"reference","module":"./pagination/pagination.module","name":"PaginationModule"},{"__symbolic":"reference","module":"./progressbar/progressbar.module","name":"ProgressbarModule"},{"__symbolic":"reference","module":"./popover/popover.module","name":"PopoverModule"},{"__symbolic":"reference","module":"./rating/rating.module","name":"RatingModule"},{"__symbolic":"reference","module":"./tabs/tabs.module","name":"TabsModule"},{"__symbolic":"reference","module":"./timepicker/timepicker.module","name":"TimepickerModule"},{"__symbolic":"reference","module":"./tooltip/tooltip.module","name":"TooltipModule"},{"__symbolic":"reference","module":"./typeahead/typeahead.module","name":"TypeaheadModule"}]}]}]},"Ng2BootstrapModule":{"__symbolic":"class","decorators":[{"__symbolic":"call","expression":{"__symbolic":"reference","module":"@angular/core","name":"NgModule"},"arguments":[{"exports":[{"__symbolic":"reference","module":"./accordion/accordion.module","name":"AccordionModule"},{"__symbolic":"reference","module":"./alert/alert.module","name":"AlertModule"},{"__symbolic":"reference","module":"./buttons/buttons.module","name":"ButtonsModule"},{"__symbolic":"reference","module":"./carousel/carousel.module","name":"CarouselModule"},{"__symbolic":"reference","module":"./collapse/collapse.module","name":"CollapseModule"},{"__symbolic":"reference","module":"./datepicker/datepicker.module","name":"DatepickerModule"},{"__symbolic":"reference","module":"./dropdown/bs-dropdown.module","name":"BsDropdownModule"},{"__symbolic":"reference","module":"./modal/modal.module","name":"ModalModule"},{"__symbolic":"reference","module":"./pagination/pagination.module","name":"PaginationModule"},{"__symbolic":"reference","module":"./progressbar/progressbar.module","name":"ProgressbarModule"},{"__symbolic":"reference","module":"./popover/popover.module","name":"PopoverModule"},{"__symbolic":"reference","module":"./rating/rating.module","name":"RatingModule"},{"__symbolic":"reference","module":"./tabs/tabs.module","name":"TabsModule"},{"__symbolic":"reference","module":"./timepicker/timepicker.module","name":"TimepickerModule"},{"__symbolic":"reference","module":"./tooltip/tooltip.module","name":"TooltipModule"},{"__symbolic":"reference","module":"./typeahead/typeahead.module","name":"TypeaheadModule"}]}]}],"statics":{"forRoot":{"__symbolic":"function","parameters":[],"value":{"ngModule":{"__symbolic":"reference","name":"BsRootModule"}}}}}},"exports":[{"from":"./accordion","export":["AccordionComponent","AccordionConfig","AccordionModule","AccordionPanelComponent"]},{"from":"./alert","export":["AlertComponent","AlertConfig","AlertModule"]},{"from":"./buttons","export":["ButtonCheckboxDirective","ButtonRadioDirective","ButtonsModule"]},{"from":"./carousel","export":["CarouselComponent","CarouselConfig","CarouselModule","SlideComponent"]},{"from":"./collapse","export":["CollapseDirective","CollapseModule"]},{"from":"./datepicker","export":["DateFormatter","DatePickerComponent","DatepickerConfig","DatepickerModule","DayPickerComponent","MonthPickerComponent","YearPickerComponent","BsDatepickerModule"]},{"from":"./modal","export":["ModalDirective","ModalOptions","ModalBackdropOptions","ModalBackdropComponent","ModalModule","BsModalRef","BsModalService"]},{"from":"./dropdown","export":["BsDropdownModule","BsDropdownConfig","BsDropdownState","BsDropdownContainerComponent","BsDropdownDirective","BsDropdownMenuDirective","BsDropdownToggleDirective"]},{"from":"./pagination","export":["PagerComponent","PaginationComponent","PaginationConfig","PaginationModule"]},{"from":"./progressbar","export":["BarComponent","ProgressbarComponent","ProgressbarConfig","ProgressbarModule","ProgressDirective"]},{"from":"./rating","export":["RatingComponent","RatingModule"]},{"from":"./sortable","export":["DraggableItem","DraggableItemService","SortableItem","SortableComponent","SortableModule"]},{"from":"./tabs","export":["NgTranscludeDirective","TabDirective","TabHeadingDirective","TabsetComponent","TabsetConfig","TabsModule"]},{"from":"./timepicker","export":["TimepickerComponent","TimepickerConfig","TimepickerModule"]},{"from":"./tooltip","export":["TooltipConfig","TooltipContainerComponent","TooltipDirective","TooltipModule"]},{"from":"./typeahead","export":["TypeaheadOptions","TypeaheadContainerComponent","TypeaheadDirective","TypeaheadMatch","TypeaheadModule"]},{"from":"./popover","export":["PopoverConfig","PopoverContainerComponent","PopoverDirective","PopoverModule"]},{"from":"./utils","export":["OnChange","LinkedList","isBs3","Trigger","Utils"]},{"from":"./component-loader","export":["ComponentLoader","ComponentLoaderFactory","ContentRef"]},{"from":"./positioning","export":["Positioning","PositioningOptions","PositioningService","positionElements"]},{"from":"./bs-moment","export":["defineLocale","getSetGlobalLocale"]}]},{"__symbolic":"module","version":1,"metadata":{"BsRootModule":{"__symbolic":"class","decorators":[{"__symbolic":"call","expression":{"__symbolic":"reference","module":"@angular/core","name":"NgModule"},"arguments":[{"imports":[{"__symbolic":"call","expression":{"__symbolic":"select","expression":{"__symbolic":"reference","module":"./accordion/accordion.module","name":"AccordionModule"},"member":"forRoot"}},{"__symbolic":"call","expression":{"__symbolic":"select","expression":{"__symbolic":"reference","module":"./alert/alert.module","name":"AlertModule"},"member":"forRoot"}},{"__symbolic":"call","expression":{"__symbolic":"select","expression":{"__symbolic":"reference","module":"./buttons/buttons.module","name":"ButtonsModule"},"member":"forRoot"}},{"__symbolic":"call","expression":{"__symbolic":"select","expression":{"__symbolic":"reference","module":"./carousel/carousel.module","name":"CarouselModule"},"member":"forRoot"}},{"__symbolic":"call","expression":{"__symbolic":"select","expression":{"__symbolic":"reference","module":"./collapse/collapse.module","name":"CollapseModule"},"member":"forRoot"}},{"__symbolic":"call","expression":{"__symbolic":"select","expression":{"__symbolic":"reference","module":"./datepicker/datepicker.module","name":"DatepickerModule"},"member":"forRoot"}},{"__symbolic":"call","expression":{"__symbolic":"select","expression":{"__symbolic":"reference","module":"./dropdown/bs-dropdown.module","name":"BsDropdownModule"},"member":"forRoot"}},{"__symbolic":"call","expression":{"__symbolic":"select","expression":{"__symbolic":"reference","module":"./modal/modal.module","name":"ModalModule"},"member":"forRoot"}},{"__symbolic":"call","expression":{"__symbolic":"select","expression":{"__symbolic":"reference","module":"./pagination/pagination.module","name":"PaginationModule"},"member":"forRoot"}},{"__symbolic":"call","expression":{"__symbolic":"select","expression":{"__symbolic":"reference","module":"./progressbar/progressbar.module","name":"ProgressbarModule"},"member":"forRoot"}},{"__symbolic":"call","expression":{"__symbolic":"select","expression":{"__symbolic":"reference","module":"./popover/popover.module","name":"PopoverModule"},"member":"forRoot"}},{"__symbolic":"call","expression":{"__symbolic":"select","expression":{"__symbolic":"reference","module":"./rating/rating.module","name":"RatingModule"},"member":"forRoot"}},{"__symbolic":"call","expression":{"__symbolic":"select","expression":{"__symbolic":"reference","module":"./tabs/tabs.module","name":"TabsModule"},"member":"forRoot"}},{"__symbolic":"call","expression":{"__symbolic":"select","expression":{"__symbolic":"reference","module":"./timepicker/timepicker.module","name":"TimepickerModule"},"member":"forRoot"}},{"__symbolic":"call","expression":{"__symbolic":"select","expression":{"__symbolic":"reference","module":"./tooltip/tooltip.module","name":"TooltipModule"},"member":"forRoot"}},{"__symbolic":"call","expression":{"__symbolic":"select","expression":{"__symbolic":"reference","module":"./typeahead/typeahead.module","name":"TypeaheadModule"},"member":"forRoot"}},{"__symbolic":"call","expression":{"__symbolic":"select","expression":{"__symbolic":"reference","module":"./sortable","name":"SortableModule"},"member":"forRoot"}}],"exports":[{"__symbolic":"reference","module":"./accordion/accordion.module","name":"AccordionModule"},{"__symbolic":"reference","module":"./alert/alert.module","name":"AlertModule"},{"__symbolic":"reference","module":"./buttons/buttons.module","name":"ButtonsModule"},{"__symbolic":"reference","module":"./carousel/carousel.module","name":"CarouselModule"},{"__symbolic":"reference","module":"./collapse/collapse.module","name":"CollapseModule"},{"__symbolic":"reference","module":"./datepicker/datepicker.module","name":"DatepickerModule"},{"__symbolic":"reference","module":"./dropdown/bs-dropdown.module","name":"BsDropdownModule"},{"__symbolic":"reference","module":"./modal/modal.module","name":"ModalModule"},{"__symbolic":"reference","module":"./pagination/pagination.module","name":"PaginationModule"},{"__symbolic":"reference","module":"./progressbar/progressbar.module","name":"ProgressbarModule"},{"__symbolic":"reference","module":"./popover/popover.module","name":"PopoverModule"},{"__symbolic":"reference","module":"./rating/rating.module","name":"RatingModule"},{"__symbolic":"reference","module":"./tabs/tabs.module","name":"TabsModule"},{"__symbolic":"reference","module":"./timepicker/timepicker.module","name":"TimepickerModule"},{"__symbolic":"reference","module":"./tooltip/tooltip.module","name":"TooltipModule"},{"__symbolic":"reference","module":"./typeahead/typeahead.module","name":"TypeaheadModule"}]}]}]},"Ng2BootstrapModule":{"__symbolic":"class","decorators":[{"__symbolic":"call","expression":{"__symbolic":"reference","module":"@angular/core","name":"NgModule"},"arguments":[{"exports":[{"__symbolic":"reference","module":"./accordion/accordion.module","name":"AccordionModule"},{"__symbolic":"reference","module":"./alert/alert.module","name":"AlertModule"},{"__symbolic":"reference","module":"./buttons/buttons.module","name":"ButtonsModule"},{"__symbolic":"reference","module":"./carousel/carousel.module","name":"CarouselModule"},{"__symbolic":"reference","module":"./collapse/collapse.module","name":"CollapseModule"},{"__symbolic":"reference","module":"./datepicker/datepicker.module","name":"DatepickerModule"},{"__symbolic":"reference","module":"./dropdown/bs-dropdown.module","name":"BsDropdownModule"},{"__symbolic":"reference","module":"./modal/modal.module","name":"ModalModule"},{"__symbolic":"reference","module":"./pagination/pagination.module","name":"PaginationModule"},{"__symbolic":"reference","module":"./progressbar/progressbar.module","name":"ProgressbarModule"},{"__symbolic":"reference","module":"./popover/popover.module","name":"PopoverModule"},{"__symbolic":"reference","module":"./rating/rating.module","name":"RatingModule"},{"__symbolic":"reference","module":"./tabs/tabs.module","name":"TabsModule"},{"__symbolic":"reference","module":"./timepicker/timepicker.module","name":"TimepickerModule"},{"__symbolic":"reference","module":"./tooltip/tooltip.module","name":"TooltipModule"},{"__symbolic":"reference","module":"./typeahead/typeahead.module","name":"TypeaheadModule"}]}]}],"statics":{"forRoot":{"__symbolic":"function","parameters":[],"value":{"ngModule":{"__symbolic":"reference","name":"BsRootModule"}}}}}},"exports":[{"from":"./accordion","export":["AccordionComponent","AccordionConfig","AccordionModule","AccordionPanelComponent"]},{"from":"./alert","export":["AlertComponent","AlertConfig","AlertModule"]},{"from":"./buttons","export":["ButtonCheckboxDirective","ButtonRadioDirective","ButtonsModule"]},{"from":"./carousel","export":["CarouselComponent","CarouselConfig","CarouselModule","SlideComponent"]},{"from":"./collapse","export":["CollapseDirective","CollapseModule"]},{"from":"./datepicker","export":["DateFormatter","DatePickerComponent","DatepickerConfig","DatepickerModule","DayPickerComponent","MonthPickerComponent","YearPickerComponent","BsDatepickerModule"]},{"from":"./modal","export":["ModalDirective","ModalOptions","ModalBackdropOptions","ModalBackdropComponent","ModalModule","BsModalRef","BsModalService"]},{"from":"./dropdown","export":["BsDropdownModule","BsDropdownConfig","BsDropdownState","BsDropdownContainerComponent","BsDropdownDirective","BsDropdownMenuDirective","BsDropdownToggleDirective"]},{"from":"./pagination","export":["PagerComponent","PaginationComponent","PaginationConfig","PaginationModule"]},{"from":"./progressbar","export":["BarComponent","ProgressbarComponent","ProgressbarConfig","ProgressbarModule","ProgressDirective"]},{"from":"./rating","export":["RatingComponent","RatingModule"]},{"from":"./sortable","export":["DraggableItem","DraggableItemService","SortableItem","SortableComponent","SortableModule"]},{"from":"./tabs","export":["NgTranscludeDirective","TabDirective","TabHeadingDirective","TabsetComponent","TabsetConfig","TabsModule"]},{"from":"./timepicker","export":["TimepickerComponent","TimepickerConfig","TimepickerModule"]},{"from":"./tooltip","export":["TooltipConfig","TooltipContainerComponent","TooltipDirective","TooltipModule"]},{"from":"./typeahead","export":["TypeaheadOptions","TypeaheadContainerComponent","TypeaheadDirective","TypeaheadMatch","TypeaheadModule"]},{"from":"./popover","export":["PopoverConfig","PopoverContainerComponent","PopoverDirective","PopoverModule"]},{"from":"./utils","export":["OnChange","LinkedList","isBs3","Trigger","Utils"]},{"from":"./component-loader","export":["ComponentLoader","ComponentLoaderFactory","ContentRef"]},{"from":"./positioning","export":["Positioning","PositioningOptions","PositioningService","positionElements"]},{"from":"./bs-moment","export":["defineLocale","getSetGlobalLocale"]}]}]