[{"__symbolic":"module","version":3,"metadata":{},"exports":[{"from":"./bs-moment/i18n/ar","export":["ar"]},{"from":"./bs-moment/i18n/de","export":["de"]},{"from":"./bs-moment/i18n/en-gb","export":["enGb"]},{"from":"./bs-moment/i18n/es","export":["es"]},{"from":"./bs-moment/i18n/es-do","export":["esDo"]},{"from":"./bs-moment/i18n/es-us","export":["esUs"]},{"from":"./bs-moment/i18n/fr","export":["fr"]},{"from":"./bs-moment/i18n/hi","export":["hi"]},{"from":"./bs-moment/i18n/it","export":["it"]},{"from":"./bs-moment/i18n/ja","export":["ja"]},{"from":"./bs-moment/i18n/ko","export":["ko"]},{"from":"./bs-moment/i18n/nl","export":["nl"]},{"from":"./bs-moment/i18n/nl-be","export":["nlBe"]},{"from":"./bs-moment/i18n/pl","export":["pl"]},{"from":"./bs-moment/i18n/pt-br","export":["ptBr"]},{"from":"./bs-moment/i18n/ru","export":["ru"]},{"from":"./bs-moment/i18n/zh-cn","export":["zhCn"]}]},{"__symbolic":"module","version":1,"metadata":{},"exports":[{"from":"./bs-moment/i18n/ar","export":["ar"]},{"from":"./bs-moment/i18n/de","export":["de"]},{"from":"./bs-moment/i18n/en-gb","export":["enGb"]},{"from":"./bs-moment/i18n/es","export":["es"]},{"from":"./bs-moment/i18n/es-do","export":["esDo"]},{"from":"./bs-moment/i18n/es-us","export":["esUs"]},{"from":"./bs-moment/i18n/fr","export":["fr"]},{"from":"./bs-moment/i18n/hi","export":["hi"]},{"from":"./bs-moment/i18n/it","export":["it"]},{"from":"./bs-moment/i18n/ja","export":["ja"]},{"from":"./bs-moment/i18n/ko","export":["ko"]},{"from":"./bs-moment/i18n/nl","export":["nl"]},{"from":"./bs-moment/i18n/nl-be","export":["nlBe"]},{"from":"./bs-moment/i18n/pl","export":["pl"]},{"from":"./bs-moment/i18n/pt-br","export":["ptBr"]},{"from":"./bs-moment/i18n/ru","export":["ru"]},{"from":"./bs-moment/i18n/zh-cn","export":["zhCn"]}]}]