[{"__symbolic":"module","version":3,"metadata":{},"exports":[{"from":"./popover.directive","export":["PopoverDirective"]},{"from":"./popover.module","export":["PopoverModule"]},{"from":"./popover.config","export":["PopoverConfig"]},{"from":"./popover-container.component","export":["PopoverContainerComponent"]}]},{"__symbolic":"module","version":1,"metadata":{},"exports":[{"from":"./popover.directive","export":["PopoverDirective"]},{"from":"./popover.module","export":["PopoverModule"]},{"from":"./popover.config","export":["PopoverConfig"]},{"from":"./popover-container.component","export":["PopoverContainerComponent"]}]}]