[{"__symbolic":"module","version":3,"metadata":{"PopoverModule":{"__symbolic":"class","decorators":[{"__symbolic":"call","expression":{"__symbolic":"reference","module":"@angular/core","name":"NgModule"},"arguments":[{"imports":[{"__symbolic":"reference","module":"@angular/common","name":"CommonModule"}],"declarations":[{"__symbolic":"reference","module":"./popover.directive","name":"PopoverDirective"},{"__symbolic":"reference","module":"./popover-container.component","name":"PopoverContainerComponent"}],"exports":[{"__symbolic":"reference","module":"./popover.directive","name":"PopoverDirective"}],"entryComponents":[{"__symbolic":"reference","module":"./popover-container.component","name":"PopoverContainerComponent"}]}]}],"statics":{"forRoot":{"__symbolic":"function","parameters":[],"value":{"ngModule":{"__symbolic":"reference","name":"PopoverModule"},"providers":[{"__symbolic":"reference","module":"./popover.config","name":"PopoverConfig"},{"__symbolic":"reference","module":"../component-loader","name":"ComponentLoaderFactory"},{"__symbolic":"reference","module":"../positioning","name":"PositioningService"}]}}}}}},{"__symbolic":"module","version":1,"metadata":{"PopoverModule":{"__symbolic":"class","decorators":[{"__symbolic":"call","expression":{"__symbolic":"reference","module":"@angular/core","name":"NgModule"},"arguments":[{"imports":[{"__symbolic":"reference","module":"@angular/common","name":"CommonModule"}],"declarations":[{"__symbolic":"reference","module":"./popover.directive","name":"PopoverDirective"},{"__symbolic":"reference","module":"./popover-container.component","name":"PopoverContainerComponent"}],"exports":[{"__symbolic":"reference","module":"./popover.directive","name":"PopoverDirective"}],"entryComponents":[{"__symbolic":"reference","module":"./popover-container.component","name":"PopoverContainerComponent"}]}]}],"statics":{"forRoot":{"__symbolic":"function","parameters":[],"value":{"ngModule":{"__symbolic":"reference","name":"PopoverModule"},"providers":[{"__symbolic":"reference","module":"./popover.config","name":"PopoverConfig"},{"__symbolic":"reference","module":"../component-loader","name":"ComponentLoaderFactory"},{"__symbolic":"reference","module":"../positioning","name":"PositioningService"}]}}}}}}]