[{"__symbolic":"module","version":3,"metadata":{"CollapseModule":{"__symbolic":"class","decorators":[{"__symbolic":"call","expression":{"__symbolic":"reference","module":"@angular/core","name":"NgModule"},"arguments":[{"declarations":[{"__symbolic":"reference","module":"./collapse.directive","name":"CollapseDirective"}],"exports":[{"__symbolic":"reference","module":"./collapse.directive","name":"CollapseDirective"}]}]}],"statics":{"forRoot":{"__symbolic":"function","parameters":[],"value":{"ngModule":{"__symbolic":"reference","name":"CollapseModule"},"providers":[]}}}}}},{"__symbolic":"module","version":1,"metadata":{"CollapseModule":{"__symbolic":"class","decorators":[{"__symbolic":"call","expression":{"__symbolic":"reference","module":"@angular/core","name":"NgModule"},"arguments":[{"declarations":[{"__symbolic":"reference","module":"./collapse.directive","name":"CollapseDirective"}],"exports":[{"__symbolic":"reference","module":"./collapse.directive","name":"CollapseDirective"}]}]}],"statics":{"forRoot":{"__symbolic":"function","parameters":[],"value":{"ngModule":{"__symbolic":"reference","name":"CollapseModule"},"providers":[]}}}}}}]