[{"__symbolic":"module","version":3,"metadata":{"DraggableItemService":{"__symbolic":"class","decorators":[{"__symbolic":"call","expression":{"__symbolic":"reference","module":"@angular/core","name":"Injectable"}}],"members":{"dragStart":[{"__symbolic":"method"}],"getItem":[{"__symbolic":"method"}],"captureItem":[{"__symbolic":"method"}],"onCaptureItem":[{"__symbolic":"method"}]}}}},{"__symbolic":"module","version":1,"metadata":{"DraggableItemService":{"__symbolic":"class","decorators":[{"__symbolic":"call","expression":{"__symbolic":"reference","module":"@angular/core","name":"Injectable"}}],"members":{"dragStart":[{"__symbolic":"method"}],"getItem":[{"__symbolic":"method"}],"captureItem":[{"__symbolic":"method"}],"onCaptureItem":[{"__symbolic":"method"}]}}}}]