[{"__symbolic":"module","version":3,"metadata":{},"exports":[{"from":"./sortable.module","export":["SortableModule"]},{"from":"./sortable.component","export":["SortableComponent","SortableItem"]},{"from":"./draggable-item.service","export":["DraggableItemService"]},{"from":"./draggable-item","export":["DraggableItem"]}]},{"__symbolic":"module","version":1,"metadata":{},"exports":[{"from":"./sortable.module","export":["SortableModule"]},{"from":"./sortable.component","export":["SortableComponent","SortableItem"]},{"from":"./draggable-item.service","export":["DraggableItemService"]},{"from":"./draggable-item","export":["DraggableItem"]}]}]