[{"__symbolic":"module","version":3,"metadata":{"SortableModule":{"__symbolic":"class","decorators":[{"__symbolic":"call","expression":{"__symbolic":"reference","module":"@angular/core","name":"NgModule"},"arguments":[{"declarations":[{"__symbolic":"reference","module":"./sortable.component","name":"SortableComponent"}],"imports":[{"__symbolic":"reference","module":"@angular/common","name":"CommonModule"}],"exports":[{"__symbolic":"reference","module":"./sortable.component","name":"SortableComponent"}]}]}],"statics":{"forRoot":{"__symbolic":"function","parameters":[],"value":{"ngModule":{"__symbolic":"reference","name":"SortableModule"},"providers":[{"__symbolic":"reference","module":"./draggable-item.service","name":"DraggableItemService"}]}}}}}},{"__symbolic":"module","version":1,"metadata":{"SortableModule":{"__symbolic":"class","decorators":[{"__symbolic":"call","expression":{"__symbolic":"reference","module":"@angular/core","name":"NgModule"},"arguments":[{"declarations":[{"__symbolic":"reference","module":"./sortable.component","name":"SortableComponent"}],"imports":[{"__symbolic":"reference","module":"@angular/common","name":"CommonModule"}],"exports":[{"__symbolic":"reference","module":"./sortable.component","name":"SortableComponent"}]}]}],"statics":{"forRoot":{"__symbolic":"function","parameters":[],"value":{"ngModule":{"__symbolic":"reference","name":"SortableModule"},"providers":[{"__symbolic":"reference","module":"./draggable-item.service","name":"DraggableItemService"}]}}}}}}]