[{"__symbolic":"module","version":3,"metadata":{"BsDropdownDirective":{"__symbolic":"class","decorators":[{"__symbolic":"call","expression":{"__symbolic":"reference","module":"@angular/core","name":"Directive"},"arguments":[{"selector":"[bsDropdown],[dropdown]","exportAs":"bs-dropdown","providers":[{"__symbolic":"reference","module":"./bs-dropdown.state","name":"BsDropdownState"}],"host":{"[class.dropup]":"dropup","[class.open]":"isOpen","[class.show]":"isOpen && isBs4","$quoted$":["[class.dropup]","[class.open]","[class.show]"]}}]}],"members":{"placement":[{"__symbolic":"property","decorators":[{"__symbolic":"call","expression":{"__symbolic":"reference","module":"@angular/core","name":"Input"}}]}],"triggers":[{"__symbolic":"property","decorators":[{"__symbolic":"call","expression":{"__symbolic":"reference","module":"@angular/core","name":"Input"}}]}],"container":[{"__symbolic":"property","decorators":[{"__symbolic":"call","expression":{"__symbolic":"reference","module":"@angular/core","name":"Input"}}]}],"dropup":[{"__symbolic":"property","decorators":[{"__symbolic":"call","expression":{"__symbolic":"reference","module":"@angular/core","name":"Input"}}]}],"autoClose":[{"__symbolic":"property","decorators":[{"__symbolic":"call","expression":{"__symbolic":"reference","module":"@angular/core","name":"Input"}}]}],"isDisabled":[{"__symbolic":"property","decorators":[{"__symbolic":"call","expression":{"__symbolic":"reference","module":"@angular/core","name":"Input"}}]}],"isOpen":[{"__symbolic":"property","decorators":[{"__symbolic":"call","expression":{"__symbolic":"reference","module":"@angular/core","name":"Input"}}]}],"isOpenChange":[{"__symbolic":"property","decorators":[{"__symbolic":"call","expression":{"__symbolic":"reference","module":"@angular/core","name":"Output"}}]}],"onShown":[{"__symbolic":"property","decorators":[{"__symbolic":"call","expression":{"__symbolic":"reference","module":"@angular/core","name":"Output"}}]}],"onHidden":[{"__symbolic":"property","decorators":[{"__symbolic":"call","expression":{"__symbolic":"reference","module":"@angular/core","name":"Output"}}]}],"__ctor__":[{"__symbolic":"constructor","parameters":[{"__symbolic":"reference","module":"@angular/core","name":"ElementRef"},{"__symbolic":"reference","module":"@angular/core","name":"Renderer"},{"__symbolic":"reference","module":"@angular/core","name":"ViewContainerRef"},{"__symbolic":"reference","module":"../component-loader","name":"ComponentLoaderFactory"},{"__symbolic":"reference","module":"./bs-dropdown.config","name":"BsDropdownConfig"},{"__symbolic":"reference","module":"./bs-dropdown.state","name":"BsDropdownState"}]}],"ngOnInit":[{"__symbolic":"method"}],"show":[{"__symbolic":"method"}],"hide":[{"__symbolic":"method"}],"toggle":[{"__symbolic":"method"}],"ngOnDestroy":[{"__symbolic":"method"}],"addBs4Polyfills":[{"__symbolic":"method"}],"addShowClass":[{"__symbolic":"method"}],"removeShowClass":[{"__symbolic":"method"}],"checkRightAlignment":[{"__symbolic":"method"}],"checkDropup":[{"__symbolic":"method"}]}}}},{"__symbolic":"module","version":1,"metadata":{"BsDropdownDirective":{"__symbolic":"class","decorators":[{"__symbolic":"call","expression":{"__symbolic":"reference","module":"@angular/core","name":"Directive"},"arguments":[{"selector":"[bsDropdown],[dropdown]","exportAs":"bs-dropdown","providers":[{"__symbolic":"reference","module":"./bs-dropdown.state","name":"BsDropdownState"}],"host":{"[class.dropup]":"dropup","[class.open]":"isOpen","[class.show]":"isOpen && isBs4"}}]}],"members":{"placement":[{"__symbolic":"property","decorators":[{"__symbolic":"call","expression":{"__symbolic":"reference","module":"@angular/core","name":"Input"}}]}],"triggers":[{"__symbolic":"property","decorators":[{"__symbolic":"call","expression":{"__symbolic":"reference","module":"@angular/core","name":"Input"}}]}],"container":[{"__symbolic":"property","decorators":[{"__symbolic":"call","expression":{"__symbolic":"reference","module":"@angular/core","name":"Input"}}]}],"dropup":[{"__symbolic":"property","decorators":[{"__symbolic":"call","expression":{"__symbolic":"reference","module":"@angular/core","name":"Input"}}]}],"autoClose":[{"__symbolic":"property","decorators":[{"__symbolic":"call","expression":{"__symbolic":"reference","module":"@angular/core","name":"Input"}}]}],"isDisabled":[{"__symbolic":"property","decorators":[{"__symbolic":"call","expression":{"__symbolic":"reference","module":"@angular/core","name":"Input"}}]}],"isOpen":[{"__symbolic":"property","decorators":[{"__symbolic":"call","expression":{"__symbolic":"reference","module":"@angular/core","name":"Input"}}]}],"isOpenChange":[{"__symbolic":"property","decorators":[{"__symbolic":"call","expression":{"__symbolic":"reference","module":"@angular/core","name":"Output"}}]}],"onShown":[{"__symbolic":"property","decorators":[{"__symbolic":"call","expression":{"__symbolic":"reference","module":"@angular/core","name":"Output"}}]}],"onHidden":[{"__symbolic":"property","decorators":[{"__symbolic":"call","expression":{"__symbolic":"reference","module":"@angular/core","name":"Output"}}]}],"__ctor__":[{"__symbolic":"constructor","parameters":[{"__symbolic":"reference","module":"@angular/core","name":"ElementRef"},{"__symbolic":"reference","module":"@angular/core","name":"Renderer"},{"__symbolic":"reference","module":"@angular/core","name":"ViewContainerRef"},{"__symbolic":"reference","module":"../component-loader","name":"ComponentLoaderFactory"},{"__symbolic":"reference","module":"./bs-dropdown.config","name":"BsDropdownConfig"},{"__symbolic":"reference","module":"./bs-dropdown.state","name":"BsDropdownState"}]}],"ngOnInit":[{"__symbolic":"method"}],"show":[{"__symbolic":"method"}],"hide":[{"__symbolic":"method"}],"toggle":[{"__symbolic":"method"}],"ngOnDestroy":[{"__symbolic":"method"}],"addBs4Polyfills":[{"__symbolic":"method"}],"addShowClass":[{"__symbolic":"method"}],"removeShowClass":[{"__symbolic":"method"}],"checkRightAlignment":[{"__symbolic":"method"}],"checkDropup":[{"__symbolic":"method"}]}}}}]