[{"__symbolic":"module","version":3,"metadata":{"BsDropdownContainerComponent":{"__symbolic":"class","decorators":[{"__symbolic":"call","expression":{"__symbolic":"reference","module":"@angular/core","name":"Component"},"arguments":[{"selector":"bs-dropdown-container","changeDetection":{"__symbolic":"select","expression":{"__symbolic":"reference","module":"@angular/core","name":"ChangeDetectionStrategy"},"member":"OnPush"},"host":{"style":"display:block;position: absolute;"},"template":"\n    <div [class.dropup]=\"direction === 'up'\"\n         [class.dropdown]=\"direction === 'down'\"\n         [class.show]=\"isOpen\"\n         [class.open]=\"isOpen\"><ng-content></ng-content></div>\n  "}]}],"members":{"__ctor__":[{"__symbolic":"constructor","parameters":[{"__symbolic":"reference","module":"./bs-dropdown.state","name":"BsDropdownState"},{"__symbolic":"reference","module":"@angular/core","name":"ChangeDetectorRef"},{"__symbolic":"reference","module":"@angular/core","name":"Renderer"},{"__symbolic":"reference","module":"@angular/core","name":"ElementRef"}]}],"ngOnDestroy":[{"__symbolic":"method"}]}}}},{"__symbolic":"module","version":1,"metadata":{"BsDropdownContainerComponent":{"__symbolic":"class","decorators":[{"__symbolic":"call","expression":{"__symbolic":"reference","module":"@angular/core","name":"Component"},"arguments":[{"selector":"bs-dropdown-container","changeDetection":{"__symbolic":"select","expression":{"__symbolic":"reference","module":"@angular/core","name":"ChangeDetectionStrategy"},"member":"OnPush"},"host":{"style":"display:block;position: absolute;"},"template":"\n    <div [class.dropup]=\"direction === 'up'\"\n         [class.dropdown]=\"direction === 'down'\"\n         [class.show]=\"isOpen\"\n         [class.open]=\"isOpen\"><ng-content></ng-content></div>\n  "}]}],"members":{"__ctor__":[{"__symbolic":"constructor","parameters":[{"__symbolic":"reference","module":"./bs-dropdown.state","name":"BsDropdownState"},{"__symbolic":"reference","module":"@angular/core","name":"ChangeDetectorRef"},{"__symbolic":"reference","module":"@angular/core","name":"Renderer"},{"__symbolic":"reference","module":"@angular/core","name":"ElementRef"}]}],"ngOnDestroy":[{"__symbolic":"method"}]}}}}]