[{"__symbolic":"module","version":3,"metadata":{"BsDropdownModule":{"__symbolic":"class","decorators":[{"__symbolic":"call","expression":{"__symbolic":"reference","module":"@angular/core","name":"NgModule"},"arguments":[{"declarations":[{"__symbolic":"reference","module":"./bs-dropdown-menu.directive","name":"BsDropdownMenuDirective"},{"__symbolic":"reference","module":"./bs-dropdown-toggle.directive","name":"BsDropdownToggleDirective"},{"__symbolic":"reference","module":"./bs-dropdown-container.component","name":"BsDropdownContainerComponent"},{"__symbolic":"reference","module":"./bs-dropdown.directive","name":"BsDropdownDirective"}],"exports":[{"__symbolic":"reference","module":"./bs-dropdown-menu.directive","name":"BsDropdownMenuDirective"},{"__symbolic":"reference","module":"./bs-dropdown-toggle.directive","name":"BsDropdownToggleDirective"},{"__symbolic":"reference","module":"./bs-dropdown.directive","name":"BsDropdownDirective"}],"entryComponents":[{"__symbolic":"reference","module":"./bs-dropdown-container.component","name":"BsDropdownContainerComponent"}]}]}],"statics":{"forRoot":{"__symbolic":"function","parameters":["config"],"value":{"ngModule":{"__symbolic":"reference","name":"BsDropdownModule"},"providers":[{"__symbolic":"reference","module":"../component-loader","name":"ComponentLoaderFactory"},{"__symbolic":"reference","module":"../positioning","name":"PositioningService"},{"__symbolic":"reference","module":"./bs-dropdown.state","name":"BsDropdownState"},{"provide":{"__symbolic":"reference","module":"./bs-dropdown.config","name":"BsDropdownConfig"},"useValue":{"__symbolic":"if","condition":{"__symbolic":"reference","name":"config"},"thenExpression":{"__symbolic":"reference","name":"config"},"elseExpression":{"autoClose":true}}}]}}}}}},{"__symbolic":"module","version":1,"metadata":{"BsDropdownModule":{"__symbolic":"class","decorators":[{"__symbolic":"call","expression":{"__symbolic":"reference","module":"@angular/core","name":"NgModule"},"arguments":[{"declarations":[{"__symbolic":"reference","module":"./bs-dropdown-menu.directive","name":"BsDropdownMenuDirective"},{"__symbolic":"reference","module":"./bs-dropdown-toggle.directive","name":"BsDropdownToggleDirective"},{"__symbolic":"reference","module":"./bs-dropdown-container.component","name":"BsDropdownContainerComponent"},{"__symbolic":"reference","module":"./bs-dropdown.directive","name":"BsDropdownDirective"}],"exports":[{"__symbolic":"reference","module":"./bs-dropdown-menu.directive","name":"BsDropdownMenuDirective"},{"__symbolic":"reference","module":"./bs-dropdown-toggle.directive","name":"BsDropdownToggleDirective"},{"__symbolic":"reference","module":"./bs-dropdown.directive","name":"BsDropdownDirective"}],"entryComponents":[{"__symbolic":"reference","module":"./bs-dropdown-container.component","name":"BsDropdownContainerComponent"}]}]}],"statics":{"forRoot":{"__symbolic":"function","parameters":["config"],"value":{"ngModule":{"__symbolic":"reference","name":"BsDropdownModule"},"providers":[{"__symbolic":"reference","module":"../component-loader","name":"ComponentLoaderFactory"},{"__symbolic":"reference","module":"../positioning","name":"PositioningService"},{"__symbolic":"reference","module":"./bs-dropdown.state","name":"BsDropdownState"},{"provide":{"__symbolic":"reference","module":"./bs-dropdown.config","name":"BsDropdownConfig"},"useValue":{"__symbolic":"if","condition":{"__symbolic":"reference","name":"config"},"thenExpression":{"__symbolic":"reference","name":"config"},"elseExpression":{"autoClose":true}}}]}}}}}}]