[{"__symbolic":"module","version":3,"metadata":{"BsDropdownMenuDirective":{"__symbolic":"class","decorators":[{"__symbolic":"call","expression":{"__symbolic":"reference","module":"@angular/core","name":"Directive"},"arguments":[{"selector":"[bsDropdownMenu],[dropdownMenu]","exportAs":"bs-dropdown-menu"}]}],"members":{"__ctor__":[{"__symbolic":"constructor","parameters":[{"__symbolic":"reference","module":"./bs-dropdown.state","name":"BsDropdownState"},{"__symbolic":"reference","module":"@angular/core","name":"ViewContainerRef"},{"__symbolic":"reference","module":"@angular/core","name":"TemplateRef","arguments":[{"__symbolic":"reference","name":"any"}]}]}]}}}},{"__symbolic":"module","version":1,"metadata":{"BsDropdownMenuDirective":{"__symbolic":"class","decorators":[{"__symbolic":"call","expression":{"__symbolic":"reference","module":"@angular/core","name":"Directive"},"arguments":[{"selector":"[bsDropdownMenu],[dropdownMenu]","exportAs":"bs-dropdown-menu"}]}],"members":{"__ctor__":[{"__symbolic":"constructor","parameters":[{"__symbolic":"reference","module":"./bs-dropdown.state","name":"BsDropdownState"},{"__symbolic":"reference","module":"@angular/core","name":"ViewContainerRef"},{"__symbolic":"reference","module":"@angular/core","name":"TemplateRef","arguments":[{"__symbolic":"reference","name":"any"}]}]}]}}}}]