[{"__symbolic":"module","version":3,"metadata":{"BsDropdownToggleDirective":{"__symbolic":"class","decorators":[{"__symbolic":"call","expression":{"__symbolic":"reference","module":"@angular/core","name":"Directive"},"arguments":[{"selector":"[bsDropdownToggle],[dropdownToggle]","exportAs":"bs-dropdown-toggle","host":{"[attr.aria-haspopup]":"true","$quoted$":["[attr.aria-haspopup]"]}}]}],"members":{"isDisabled":[{"__symbolic":"property","decorators":[{"__symbolic":"call","expression":{"__symbolic":"reference","module":"@angular/core","name":"HostBinding"},"arguments":["attr.disabled"]}]}],"isOpen":[{"__symbolic":"property","decorators":[{"__symbolic":"call","expression":{"__symbolic":"reference","module":"@angular/core","name":"HostBinding"},"arguments":["attr.aria-expanded"]}]}],"onClick":[{"__symbolic":"method","decorators":[{"__symbolic":"call","expression":{"__symbolic":"reference","module":"@angular/core","name":"HostListener"},"arguments":["click"]}]}],"onDocumentClick":[{"__symbolic":"method","decorators":[{"__symbolic":"call","expression":{"__symbolic":"reference","module":"@angular/core","name":"HostListener"},"arguments":["document:click",["$event"]]}]}],"onEsc":[{"__symbolic":"method","decorators":[{"__symbolic":"call","expression":{"__symbolic":"reference","module":"@angular/core","name":"HostListener"},"arguments":["keyup.esc"]}]}],"__ctor__":[{"__symbolic":"constructor","parameters":[{"__symbolic":"reference","module":"./bs-dropdown.state","name":"BsDropdownState"},{"__symbolic":"reference","module":"@angular/core","name":"ElementRef"}]}],"ngOnDestroy":[{"__symbolic":"method"}]}}}},{"__symbolic":"module","version":1,"metadata":{"BsDropdownToggleDirective":{"__symbolic":"class","decorators":[{"__symbolic":"call","expression":{"__symbolic":"reference","module":"@angular/core","name":"Directive"},"arguments":[{"selector":"[bsDropdownToggle],[dropdownToggle]","exportAs":"bs-dropdown-toggle","host":{"[attr.aria-haspopup]":"true"}}]}],"members":{"isDisabled":[{"__symbolic":"property","decorators":[{"__symbolic":"call","expression":{"__symbolic":"reference","module":"@angular/core","name":"HostBinding"},"arguments":["attr.disabled"]}]}],"isOpen":[{"__symbolic":"property","decorators":[{"__symbolic":"call","expression":{"__symbolic":"reference","module":"@angular/core","name":"HostBinding"},"arguments":["attr.aria-expanded"]}]}],"onClick":[{"__symbolic":"method","decorators":[{"__symbolic":"call","expression":{"__symbolic":"reference","module":"@angular/core","name":"HostListener"},"arguments":["click"]}]}],"onDocumentClick":[{"__symbolic":"method","decorators":[{"__symbolic":"call","expression":{"__symbolic":"reference","module":"@angular/core","name":"HostListener"},"arguments":["document:click",["$event"]]}]}],"onEsc":[{"__symbolic":"method","decorators":[{"__symbolic":"call","expression":{"__symbolic":"reference","module":"@angular/core","name":"HostListener"},"arguments":["keyup.esc"]}]}],"__ctor__":[{"__symbolic":"constructor","parameters":[{"__symbolic":"reference","module":"./bs-dropdown.state","name":"BsDropdownState"},{"__symbolic":"reference","module":"@angular/core","name":"ElementRef"}]}],"ngOnDestroy":[{"__symbolic":"method"}]}}}}]