[{"__symbolic":"module","version":3,"metadata":{},"exports":[{"from":"./bs-dropdown.directive","export":["BsDropdownDirective"]},{"from":"./bs-dropdown-menu.directive","export":["BsDropdownMenuDirective"]},{"from":"./bs-dropdown-toggle.directive","export":["BsDropdownToggleDirective"]},{"from":"./bs-dropdown-container.component","export":["BsDropdownContainerComponent"]},{"from":"./bs-dropdown.state","export":["BsDropdownState"]},{"from":"./bs-dropdown.config","export":["BsDropdownConfig"]},{"from":"./bs-dropdown.module","export":["BsDropdownModule"]}]},{"__symbolic":"module","version":1,"metadata":{},"exports":[{"from":"./bs-dropdown.directive","export":["BsDropdownDirective"]},{"from":"./bs-dropdown-menu.directive","export":["BsDropdownMenuDirective"]},{"from":"./bs-dropdown-toggle.directive","export":["BsDropdownToggleDirective"]},{"from":"./bs-dropdown-container.component","export":["BsDropdownContainerComponent"]},{"from":"./bs-dropdown.state","export":["BsDropdownState"]},{"from":"./bs-dropdown.config","export":["BsDropdownConfig"]},{"from":"./bs-dropdown.module","export":["BsDropdownModule"]}]}]