[{"__symbolic":"module","version":3,"metadata":{"BsDatepickerModule":{"__symbolic":"class","decorators":[{"__symbolic":"call","expression":{"__symbolic":"reference","module":"@angular/core","name":"NgModule"},"arguments":[{"imports":[{"__symbolic":"reference","module":"@angular/common","name":"CommonModule"}],"declarations":[{"__symbolic":"reference","module":"./themes/bs/bs-datepicker-day-decorator.directive","name":"BsDatepickerDayDecoratorComponent"},{"__symbolic":"reference","module":"./themes/bs/bs-current-date-view.component","name":"BsCurrentDateViewComponent"},{"__symbolic":"reference","module":"./themes/bs/bs-datepicker-navigation-view.component","name":"BsDatepickerNavigationViewComponent"},{"__symbolic":"reference","module":"./themes/bs/bs-timepicker-view.component","name":"BsTimepickerViewComponent"},{"__symbolic":"reference","module":"./themes/bs/bs-calendar-layout.component","name":"BsCalendarLayoutComponent"},{"__symbolic":"reference","module":"./themes/bs/bs-days-calendar-view.component","name":"BsDaysCalendarViewComponent"},{"__symbolic":"reference","module":"./themes/bs/bs-months-calendar-view.component","name":"BsMonthCalendarViewComponent"},{"__symbolic":"reference","module":"./themes/bs/bs-years-calendar-view.component","name":"BsYearsCalendarViewComponent"},{"__symbolic":"reference","module":"./themes/bs/bs-custom-dates-view.component","name":"BsCustomDatesViewComponent"},{"__symbolic":"reference","module":"./themes/bs/bs-datepicker-container.component","name":"BsDatepickerContainerComponent"},{"__symbolic":"reference","module":"./themes/bs/bs-daterangepicker-container.component","name":"BsDaterangepickerContainerComponent"},{"__symbolic":"reference","module":"./bs-datepicker.component","name":"BsDatepickerComponent"},{"__symbolic":"reference","module":"./bs-datepicker-input.directive","name":"BsDatepickerInputDirective"},{"__symbolic":"reference","module":"./bs-daterangepicker-input.directive","name":"BsDaterangepickerInputDirective"},{"__symbolic":"reference","module":"./bs-daterangepicker.component","name":"BsDaterangepickerComponent"}],"entryComponents":[{"__symbolic":"reference","module":"./themes/bs/bs-datepicker-container.component","name":"BsDatepickerContainerComponent"},{"__symbolic":"reference","module":"./themes/bs/bs-daterangepicker-container.component","name":"BsDaterangepickerContainerComponent"}],"exports":[{"__symbolic":"reference","module":"./themes/bs/bs-datepicker-container.component","name":"BsDatepickerContainerComponent"},{"__symbolic":"reference","module":"./themes/bs/bs-daterangepicker-container.component","name":"BsDaterangepickerContainerComponent"},{"__symbolic":"reference","module":"./bs-datepicker.component","name":"BsDatepickerComponent"},{"__symbolic":"reference","module":"./bs-datepicker-input.directive","name":"BsDatepickerInputDirective"},{"__symbolic":"reference","module":"./bs-daterangepicker-input.directive","name":"BsDaterangepickerInputDirective"},{"__symbolic":"reference","module":"./bs-daterangepicker.component","name":"BsDaterangepickerComponent"}]}]}],"members":{"__ctor__":[{"__symbolic":"constructor"}]},"statics":{"forRoot":{"__symbolic":"function","parameters":[],"value":{"ngModule":{"__symbolic":"reference","name":"BsDatepickerModule"},"providers":[{"__symbolic":"reference","module":"../component-loader/component-loader.factory","name":"ComponentLoaderFactory"},{"__symbolic":"reference","module":"../positioning/positioning.service","name":"PositioningService"},{"__symbolic":"reference","module":"./reducer/bs-datepicker.store","name":"BsDatepickerStore"},{"__symbolic":"reference","module":"./reducer/bs-datepicker.actions","name":"BsDatepickerActions"},{"__symbolic":"reference","module":"./bs-datepicker.config","name":"BsDatepickerConfig"},{"__symbolic":"reference","module":"./reducer/bs-datepicker.effects","name":"BsDatepickerEffects"}]}}}}}},{"__symbolic":"module","version":1,"metadata":{"BsDatepickerModule":{"__symbolic":"class","decorators":[{"__symbolic":"call","expression":{"__symbolic":"reference","module":"@angular/core","name":"NgModule"},"arguments":[{"imports":[{"__symbolic":"reference","module":"@angular/common","name":"CommonModule"}],"declarations":[{"__symbolic":"reference","module":"./themes/bs/bs-datepicker-day-decorator.directive","name":"BsDatepickerDayDecoratorComponent"},{"__symbolic":"reference","module":"./themes/bs/bs-current-date-view.component","name":"BsCurrentDateViewComponent"},{"__symbolic":"reference","module":"./themes/bs/bs-datepicker-navigation-view.component","name":"BsDatepickerNavigationViewComponent"},{"__symbolic":"reference","module":"./themes/bs/bs-timepicker-view.component","name":"BsTimepickerViewComponent"},{"__symbolic":"reference","module":"./themes/bs/bs-calendar-layout.component","name":"BsCalendarLayoutComponent"},{"__symbolic":"reference","module":"./themes/bs/bs-days-calendar-view.component","name":"BsDaysCalendarViewComponent"},{"__symbolic":"reference","module":"./themes/bs/bs-months-calendar-view.component","name":"BsMonthCalendarViewComponent"},{"__symbolic":"reference","module":"./themes/bs/bs-years-calendar-view.component","name":"BsYearsCalendarViewComponent"},{"__symbolic":"reference","module":"./themes/bs/bs-custom-dates-view.component","name":"BsCustomDatesViewComponent"},{"__symbolic":"reference","module":"./themes/bs/bs-datepicker-container.component","name":"BsDatepickerContainerComponent"},{"__symbolic":"reference","module":"./themes/bs/bs-daterangepicker-container.component","name":"BsDaterangepickerContainerComponent"},{"__symbolic":"reference","module":"./bs-datepicker.component","name":"BsDatepickerComponent"},{"__symbolic":"reference","module":"./bs-datepicker-input.directive","name":"BsDatepickerInputDirective"},{"__symbolic":"reference","module":"./bs-daterangepicker-input.directive","name":"BsDaterangepickerInputDirective"},{"__symbolic":"reference","module":"./bs-daterangepicker.component","name":"BsDaterangepickerComponent"}],"entryComponents":[{"__symbolic":"reference","module":"./themes/bs/bs-datepicker-container.component","name":"BsDatepickerContainerComponent"},{"__symbolic":"reference","module":"./themes/bs/bs-daterangepicker-container.component","name":"BsDaterangepickerContainerComponent"}],"exports":[{"__symbolic":"reference","module":"./themes/bs/bs-datepicker-container.component","name":"BsDatepickerContainerComponent"},{"__symbolic":"reference","module":"./themes/bs/bs-daterangepicker-container.component","name":"BsDaterangepickerContainerComponent"},{"__symbolic":"reference","module":"./bs-datepicker.component","name":"BsDatepickerComponent"},{"__symbolic":"reference","module":"./bs-datepicker-input.directive","name":"BsDatepickerInputDirective"},{"__symbolic":"reference","module":"./bs-daterangepicker-input.directive","name":"BsDaterangepickerInputDirective"},{"__symbolic":"reference","module":"./bs-daterangepicker.component","name":"BsDaterangepickerComponent"}]}]}],"members":{"__ctor__":[{"__symbolic":"constructor"}]},"statics":{"forRoot":{"__symbolic":"function","parameters":[],"value":{"ngModule":{"__symbolic":"reference","name":"BsDatepickerModule"},"providers":[{"__symbolic":"reference","module":"../component-loader/component-loader.factory","name":"ComponentLoaderFactory"},{"__symbolic":"reference","module":"../positioning/positioning.service","name":"PositioningService"},{"__symbolic":"reference","module":"./reducer/bs-datepicker.store","name":"BsDatepickerStore"},{"__symbolic":"reference","module":"./reducer/bs-datepicker.actions","name":"BsDatepickerActions"},{"__symbolic":"reference","module":"./bs-datepicker.config","name":"BsDatepickerConfig"},{"__symbolic":"reference","module":"./reducer/bs-datepicker.effects","name":"BsDatepickerEffects"}]}}}}}}]