[{"__symbolic":"module","version":3,"metadata":{"BsDaterangepickerInputDirective":{"__symbolic":"class","decorators":[{"__symbolic":"call","expression":{"__symbolic":"reference","module":"@angular/core","name":"Directive"},"arguments":[{"selector":"input[bsDaterangepicker]","host":{"(change)":"onChange($event)","(keyup.esc)":"hide()","(blur)":"onBlur()","$quoted$":["(change)","(keyup.esc)","(blur)"]},"providers":[{"provide":{"__symbolic":"reference","module":"@angular/forms","name":"NG_VALUE_ACCESSOR"},"useExisting":{"__symbolic":"reference","name":"BsDaterangepickerInputDirective"},"multi":true}]}]}],"members":{"__ctor__":[{"__symbolic":"constructor","parameterDecorators":[[{"__symbolic":"call","expression":{"__symbolic":"reference","module":"@angular/core","name":"Host"}}],null,null,null],"parameters":[{"__symbolic":"reference","module":"./bs-daterangepicker.component","name":"BsDaterangepickerComponent"},{"__symbolic":"reference","module":"./bs-datepicker.config","name":"BsDatepickerConfig"},{"__symbolic":"reference","module":"@angular/core","name":"Renderer"},{"__symbolic":"reference","module":"@angular/core","name":"ElementRef"}]}],"ngOnInit":[{"__symbolic":"method"}],"onChange":[{"__symbolic":"method"}],"writeValue":[{"__symbolic":"method"}],"setDisabledState":[{"__symbolic":"method"}],"registerOnChange":[{"__symbolic":"method"}],"registerOnTouched":[{"__symbolic":"method"}],"onBlur":[{"__symbolic":"method"}],"hide":[{"__symbolic":"method"}]}}}},{"__symbolic":"module","version":1,"metadata":{"BsDaterangepickerInputDirective":{"__symbolic":"class","decorators":[{"__symbolic":"call","expression":{"__symbolic":"reference","module":"@angular/core","name":"Directive"},"arguments":[{"selector":"input[bsDaterangepicker]","host":{"(change)":"onChange($event)","(keyup.esc)":"hide()","(blur)":"onBlur()"},"providers":[{"provide":{"__symbolic":"reference","module":"@angular/forms","name":"NG_VALUE_ACCESSOR"},"useExisting":{"__symbolic":"reference","name":"BsDaterangepickerInputDirective"},"multi":true}]}]}],"members":{"__ctor__":[{"__symbolic":"constructor","parameterDecorators":[[{"__symbolic":"call","expression":{"__symbolic":"reference","module":"@angular/core","name":"Host"}}],null,null,null],"parameters":[{"__symbolic":"reference","module":"./bs-daterangepicker.component","name":"BsDaterangepickerComponent"},{"__symbolic":"reference","module":"./bs-datepicker.config","name":"BsDatepickerConfig"},{"__symbolic":"reference","module":"@angular/core","name":"Renderer"},{"__symbolic":"reference","module":"@angular/core","name":"ElementRef"}]}],"ngOnInit":[{"__symbolic":"method"}],"onChange":[{"__symbolic":"method"}],"writeValue":[{"__symbolic":"method"}],"setDisabledState":[{"__symbolic":"method"}],"registerOnChange":[{"__symbolic":"method"}],"registerOnTouched":[{"__symbolic":"method"}],"onBlur":[{"__symbolic":"method"}],"hide":[{"__symbolic":"method"}]}}}}]