[{"__symbolic":"module","version":3,"metadata":{"DatepickerModule":{"__symbolic":"class","decorators":[{"__symbolic":"call","expression":{"__symbolic":"reference","module":"@angular/core","name":"NgModule"},"arguments":[{"imports":[{"__symbolic":"reference","module":"@angular/common","name":"CommonModule"},{"__symbolic":"reference","module":"@angular/forms","name":"FormsModule"}],"declarations":[{"__symbolic":"reference","module":"./datepicker.component","name":"DatePickerComponent"},{"__symbolic":"reference","module":"./datepicker-inner.component","name":"DatePickerInnerComponent"},{"__symbolic":"reference","module":"./daypicker.component","name":"DayPickerComponent"},{"__symbolic":"reference","module":"./monthpicker.component","name":"MonthPickerComponent"},{"__symbolic":"reference","module":"./yearpicker.component","name":"YearPickerComponent"}],"exports":[{"__symbolic":"reference","module":"./datepicker.component","name":"DatePickerComponent"},{"__symbolic":"reference","module":"./datepicker-inner.component","name":"DatePickerInnerComponent"},{"__symbolic":"reference","module":"./daypicker.component","name":"DayPickerComponent"},{"__symbolic":"reference","module":"./monthpicker.component","name":"MonthPickerComponent"},{"__symbolic":"reference","module":"./yearpicker.component","name":"YearPickerComponent"}],"entryComponents":[{"__symbolic":"reference","module":"./datepicker.component","name":"DatePickerComponent"}]}]}],"statics":{"forRoot":{"__symbolic":"function","parameters":[],"value":{"ngModule":{"__symbolic":"reference","name":"DatepickerModule"},"providers":[{"__symbolic":"reference","module":"./datepicker.config","name":"DatepickerConfig"}]}}}}}},{"__symbolic":"module","version":1,"metadata":{"DatepickerModule":{"__symbolic":"class","decorators":[{"__symbolic":"call","expression":{"__symbolic":"reference","module":"@angular/core","name":"NgModule"},"arguments":[{"imports":[{"__symbolic":"reference","module":"@angular/common","name":"CommonModule"},{"__symbolic":"reference","module":"@angular/forms","name":"FormsModule"}],"declarations":[{"__symbolic":"reference","module":"./datepicker.component","name":"DatePickerComponent"},{"__symbolic":"reference","module":"./datepicker-inner.component","name":"DatePickerInnerComponent"},{"__symbolic":"reference","module":"./daypicker.component","name":"DayPickerComponent"},{"__symbolic":"reference","module":"./monthpicker.component","name":"MonthPickerComponent"},{"__symbolic":"reference","module":"./yearpicker.component","name":"YearPickerComponent"}],"exports":[{"__symbolic":"reference","module":"./datepicker.component","name":"DatePickerComponent"},{"__symbolic":"reference","module":"./datepicker-inner.component","name":"DatePickerInnerComponent"},{"__symbolic":"reference","module":"./daypicker.component","name":"DayPickerComponent"},{"__symbolic":"reference","module":"./monthpicker.component","name":"MonthPickerComponent"},{"__symbolic":"reference","module":"./yearpicker.component","name":"YearPickerComponent"}],"entryComponents":[{"__symbolic":"reference","module":"./datepicker.component","name":"DatePickerComponent"}]}]}],"statics":{"forRoot":{"__symbolic":"function","parameters":[],"value":{"ngModule":{"__symbolic":"reference","name":"DatepickerModule"},"providers":[{"__symbolic":"reference","module":"./datepicker.config","name":"DatepickerConfig"}]}}}}}}]