[{"__symbolic":"module","version":3,"metadata":{"DATEPICKER_CONTROL_VALUE_ACCESSOR":{"provide":{"__symbolic":"reference","module":"@angular/forms","name":"NG_VALUE_ACCESSOR"},"useExisting":{"__symbolic":"reference","name":"DatePickerComponent"},"multi":true},"DatePickerComponent":{"__symbolic":"class","decorators":[{"__symbolic":"call","expression":{"__symbolic":"reference","module":"@angular/core","name":"Component"},"arguments":[{"selector":"datepicker","template":"\n    <datepicker-inner [activeDate]=\"activeDate\"\n                      (update)=\"onUpdate($event)\"\n                      [locale]=\"config.locale\"\n                      [datepickerMode]=\"datepickerMode\"\n                      [initDate]=\"initDate\"\n                      [minDate]=\"minDate\"\n                      [maxDate]=\"maxDate\"\n                      [minMode]=\"minMode\"\n                      [maxMode]=\"maxMode\"\n                      [showWeeks]=\"showWeeks\"\n                      [formatDay]=\"formatDay\"\n                      [formatMonth]=\"formatMonth\"\n                      [formatYear]=\"formatYear\"\n                      [formatDayHeader]=\"formatDayHeader\"\n                      [formatDayTitle]=\"formatDayTitle\"\n                      [formatMonthTitle]=\"formatMonthTitle\"\n                      [startingDay]=\"startingDay\"\n                      [yearRange]=\"yearRange\"\n                      [customClass]=\"customClass\"\n                      [dateDisabled]=\"dateDisabled\"\n                      [onlyCurrentMonth]=\"onlyCurrentMonth\"\n                      [shortcutPropagation]=\"shortcutPropagation\"\n                      [monthColLimit]=\"monthColLimit\"\n                      [yearColLimit]=\"yearColLimit\"\n                      (selectionDone)=\"onSelectionDone($event)\"\n                      (activeDateChange)=\"onActiveDateChange($event)\">\n      <daypicker tabindex=\"0\"></daypicker>\n      <monthpicker tabindex=\"0\"></monthpicker>\n      <yearpicker tabindex=\"0\"></yearpicker>\n    </datepicker-inner>\n    ","providers":[{"__symbolic":"reference","name":"DATEPICKER_CONTROL_VALUE_ACCESSOR"}]}]}],"members":{"datepickerMode":[{"__symbolic":"property","decorators":[{"__symbolic":"call","expression":{"__symbolic":"reference","module":"@angular/core","name":"Input"}}]}],"initDate":[{"__symbolic":"property","decorators":[{"__symbolic":"call","expression":{"__symbolic":"reference","module":"@angular/core","name":"Input"}}]}],"minDate":[{"__symbolic":"property","decorators":[{"__symbolic":"call","expression":{"__symbolic":"reference","module":"@angular/core","name":"Input"}}]}],"maxDate":[{"__symbolic":"property","decorators":[{"__symbolic":"call","expression":{"__symbolic":"reference","module":"@angular/core","name":"Input"}}]}],"minMode":[{"__symbolic":"property","decorators":[{"__symbolic":"call","expression":{"__symbolic":"reference","module":"@angular/core","name":"Input"}}]}],"maxMode":[{"__symbolic":"property","decorators":[{"__symbolic":"call","expression":{"__symbolic":"reference","module":"@angular/core","name":"Input"}}]}],"showWeeks":[{"__symbolic":"property","decorators":[{"__symbolic":"call","expression":{"__symbolic":"reference","module":"@angular/core","name":"Input"}}]}],"formatDay":[{"__symbolic":"property","decorators":[{"__symbolic":"call","expression":{"__symbolic":"reference","module":"@angular/core","name":"Input"}}]}],"formatMonth":[{"__symbolic":"property","decorators":[{"__symbolic":"call","expression":{"__symbolic":"reference","module":"@angular/core","name":"Input"}}]}],"formatYear":[{"__symbolic":"property","decorators":[{"__symbolic":"call","expression":{"__symbolic":"reference","module":"@angular/core","name":"Input"}}]}],"formatDayHeader":[{"__symbolic":"property","decorators":[{"__symbolic":"call","expression":{"__symbolic":"reference","module":"@angular/core","name":"Input"}}]}],"formatDayTitle":[{"__symbolic":"property","decorators":[{"__symbolic":"call","expression":{"__symbolic":"reference","module":"@angular/core","name":"Input"}}]}],"formatMonthTitle":[{"__symbolic":"property","decorators":[{"__symbolic":"call","expression":{"__symbolic":"reference","module":"@angular/core","name":"Input"}}]}],"startingDay":[{"__symbolic":"property","decorators":[{"__symbolic":"call","expression":{"__symbolic":"reference","module":"@angular/core","name":"Input"}}]}],"yearRange":[{"__symbolic":"property","decorators":[{"__symbolic":"call","expression":{"__symbolic":"reference","module":"@angular/core","name":"Input"}}]}],"onlyCurrentMonth":[{"__symbolic":"property","decorators":[{"__symbolic":"call","expression":{"__symbolic":"reference","module":"@angular/core","name":"Input"}}]}],"shortcutPropagation":[{"__symbolic":"property","decorators":[{"__symbolic":"call","expression":{"__symbolic":"reference","module":"@angular/core","name":"Input"}}]}],"monthColLimit":[{"__symbolic":"property","decorators":[{"__symbolic":"call","expression":{"__symbolic":"reference","module":"@angular/core","name":"Input"}}]}],"yearColLimit":[{"__symbolic":"property","decorators":[{"__symbolic":"call","expression":{"__symbolic":"reference","module":"@angular/core","name":"Input"}}]}],"customClass":[{"__symbolic":"property","decorators":[{"__symbolic":"call","expression":{"__symbolic":"reference","module":"@angular/core","name":"Input"}}]}],"dateDisabled":[{"__symbolic":"property","decorators":[{"__symbolic":"call","expression":{"__symbolic":"reference","module":"@angular/core","name":"Input"}}]}],"activeDate":[{"__symbolic":"property","decorators":[{"__symbolic":"call","expression":{"__symbolic":"reference","module":"@angular/core","name":"Input"}}]}],"selectionDone":[{"__symbolic":"property","decorators":[{"__symbolic":"call","expression":{"__symbolic":"reference","module":"@angular/core","name":"Output"}}]}],"activeDateChange":[{"__symbolic":"property","decorators":[{"__symbolic":"call","expression":{"__symbolic":"reference","module":"@angular/core","name":"Output"}}]}],"_datePicker":[{"__symbolic":"property","decorators":[{"__symbolic":"call","expression":{"__symbolic":"reference","module":"@angular/core","name":"ViewChild"},"arguments":[{"__symbolic":"reference","module":"./datepicker-inner.component","name":"DatePickerInnerComponent"}]}]}],"__ctor__":[{"__symbolic":"constructor","parameters":[{"__symbolic":"reference","module":"./datepicker.config","name":"DatepickerConfig"}]}],"configureOptions":[{"__symbolic":"method"}],"onUpdate":[{"__symbolic":"method"}],"onSelectionDone":[{"__symbolic":"method"}],"onActiveDateChange":[{"__symbolic":"method"}],"writeValue":[{"__symbolic":"method"}],"registerOnChange":[{"__symbolic":"method"}],"registerOnTouched":[{"__symbolic":"method"}]}}}},{"__symbolic":"module","version":1,"metadata":{"DATEPICKER_CONTROL_VALUE_ACCESSOR":{"provide":{"__symbolic":"reference","module":"@angular/forms","name":"NG_VALUE_ACCESSOR"},"useExisting":{"__symbolic":"reference","name":"DatePickerComponent"},"multi":true},"DatePickerComponent":{"__symbolic":"class","decorators":[{"__symbolic":"call","expression":{"__symbolic":"reference","module":"@angular/core","name":"Component"},"arguments":[{"selector":"datepicker","template":"\n    <datepicker-inner [activeDate]=\"activeDate\"\n                      (update)=\"onUpdate($event)\"\n                      [locale]=\"config.locale\"\n                      [datepickerMode]=\"datepickerMode\"\n                      [initDate]=\"initDate\"\n                      [minDate]=\"minDate\"\n                      [maxDate]=\"maxDate\"\n                      [minMode]=\"minMode\"\n                      [maxMode]=\"maxMode\"\n                      [showWeeks]=\"showWeeks\"\n                      [formatDay]=\"formatDay\"\n                      [formatMonth]=\"formatMonth\"\n                      [formatYear]=\"formatYear\"\n                      [formatDayHeader]=\"formatDayHeader\"\n                      [formatDayTitle]=\"formatDayTitle\"\n                      [formatMonthTitle]=\"formatMonthTitle\"\n                      [startingDay]=\"startingDay\"\n                      [yearRange]=\"yearRange\"\n                      [customClass]=\"customClass\"\n                      [dateDisabled]=\"dateDisabled\"\n                      [onlyCurrentMonth]=\"onlyCurrentMonth\"\n                      [shortcutPropagation]=\"shortcutPropagation\"\n                      [monthColLimit]=\"monthColLimit\"\n                      [yearColLimit]=\"yearColLimit\"\n                      (selectionDone)=\"onSelectionDone($event)\"\n                      (activeDateChange)=\"onActiveDateChange($event)\">\n      <daypicker tabindex=\"0\"></daypicker>\n      <monthpicker tabindex=\"0\"></monthpicker>\n      <yearpicker tabindex=\"0\"></yearpicker>\n    </datepicker-inner>\n    ","providers":[{"__symbolic":"reference","name":"DATEPICKER_CONTROL_VALUE_ACCESSOR"}]}]}],"members":{"datepickerMode":[{"__symbolic":"property","decorators":[{"__symbolic":"call","expression":{"__symbolic":"reference","module":"@angular/core","name":"Input"}}]}],"initDate":[{"__symbolic":"property","decorators":[{"__symbolic":"call","expression":{"__symbolic":"reference","module":"@angular/core","name":"Input"}}]}],"minDate":[{"__symbolic":"property","decorators":[{"__symbolic":"call","expression":{"__symbolic":"reference","module":"@angular/core","name":"Input"}}]}],"maxDate":[{"__symbolic":"property","decorators":[{"__symbolic":"call","expression":{"__symbolic":"reference","module":"@angular/core","name":"Input"}}]}],"minMode":[{"__symbolic":"property","decorators":[{"__symbolic":"call","expression":{"__symbolic":"reference","module":"@angular/core","name":"Input"}}]}],"maxMode":[{"__symbolic":"property","decorators":[{"__symbolic":"call","expression":{"__symbolic":"reference","module":"@angular/core","name":"Input"}}]}],"showWeeks":[{"__symbolic":"property","decorators":[{"__symbolic":"call","expression":{"__symbolic":"reference","module":"@angular/core","name":"Input"}}]}],"formatDay":[{"__symbolic":"property","decorators":[{"__symbolic":"call","expression":{"__symbolic":"reference","module":"@angular/core","name":"Input"}}]}],"formatMonth":[{"__symbolic":"property","decorators":[{"__symbolic":"call","expression":{"__symbolic":"reference","module":"@angular/core","name":"Input"}}]}],"formatYear":[{"__symbolic":"property","decorators":[{"__symbolic":"call","expression":{"__symbolic":"reference","module":"@angular/core","name":"Input"}}]}],"formatDayHeader":[{"__symbolic":"property","decorators":[{"__symbolic":"call","expression":{"__symbolic":"reference","module":"@angular/core","name":"Input"}}]}],"formatDayTitle":[{"__symbolic":"property","decorators":[{"__symbolic":"call","expression":{"__symbolic":"reference","module":"@angular/core","name":"Input"}}]}],"formatMonthTitle":[{"__symbolic":"property","decorators":[{"__symbolic":"call","expression":{"__symbolic":"reference","module":"@angular/core","name":"Input"}}]}],"startingDay":[{"__symbolic":"property","decorators":[{"__symbolic":"call","expression":{"__symbolic":"reference","module":"@angular/core","name":"Input"}}]}],"yearRange":[{"__symbolic":"property","decorators":[{"__symbolic":"call","expression":{"__symbolic":"reference","module":"@angular/core","name":"Input"}}]}],"onlyCurrentMonth":[{"__symbolic":"property","decorators":[{"__symbolic":"call","expression":{"__symbolic":"reference","module":"@angular/core","name":"Input"}}]}],"shortcutPropagation":[{"__symbolic":"property","decorators":[{"__symbolic":"call","expression":{"__symbolic":"reference","module":"@angular/core","name":"Input"}}]}],"monthColLimit":[{"__symbolic":"property","decorators":[{"__symbolic":"call","expression":{"__symbolic":"reference","module":"@angular/core","name":"Input"}}]}],"yearColLimit":[{"__symbolic":"property","decorators":[{"__symbolic":"call","expression":{"__symbolic":"reference","module":"@angular/core","name":"Input"}}]}],"customClass":[{"__symbolic":"property","decorators":[{"__symbolic":"call","expression":{"__symbolic":"reference","module":"@angular/core","name":"Input"}}]}],"dateDisabled":[{"__symbolic":"property","decorators":[{"__symbolic":"call","expression":{"__symbolic":"reference","module":"@angular/core","name":"Input"}}]}],"activeDate":[{"__symbolic":"property","decorators":[{"__symbolic":"call","expression":{"__symbolic":"reference","module":"@angular/core","name":"Input"}}]}],"selectionDone":[{"__symbolic":"property","decorators":[{"__symbolic":"call","expression":{"__symbolic":"reference","module":"@angular/core","name":"Output"}}]}],"activeDateChange":[{"__symbolic":"property","decorators":[{"__symbolic":"call","expression":{"__symbolic":"reference","module":"@angular/core","name":"Output"}}]}],"_datePicker":[{"__symbolic":"property","decorators":[{"__symbolic":"call","expression":{"__symbolic":"reference","module":"@angular/core","name":"ViewChild"},"arguments":[{"__symbolic":"reference","module":"./datepicker-inner.component","name":"DatePickerInnerComponent"}]}]}],"__ctor__":[{"__symbolic":"constructor","parameters":[{"__symbolic":"reference","module":"./datepicker.config","name":"DatepickerConfig"}]}],"configureOptions":[{"__symbolic":"method"}],"onUpdate":[{"__symbolic":"method"}],"onSelectionDone":[{"__symbolic":"method"}],"onActiveDateChange":[{"__symbolic":"method"}],"writeValue":[{"__symbolic":"method"}],"registerOnChange":[{"__symbolic":"method"}],"registerOnTouched":[{"__symbolic":"method"}]}}}}]