[{"__symbolic":"module","version":3,"metadata":{},"exports":[{"from":"./datepicker.component","export":["DatePickerComponent"]},{"from":"./datepicker.module","export":["DatepickerModule"]},{"from":"./daypicker.component","export":["DayPickerComponent"]},{"from":"./monthpicker.component","export":["MonthPickerComponent"]},{"from":"./yearpicker.component","export":["YearPickerComponent"]},{"from":"./date-formatter","export":["DateFormatter"]},{"from":"./datepicker.config","export":["DatepickerConfig"]},{"from":"./bs-datepicker.module","export":["BsDatepickerModule"]},{"from":"./bs-datepicker.component","export":["BsDatepickerComponent"]},{"from":"./bs-daterangepicker.component","export":["BsDaterangepickerComponent"]},{"from":"./bs-datepicker.config","export":["BsDatepickerConfig"]}]},{"__symbolic":"module","version":1,"metadata":{},"exports":[{"from":"./datepicker.component","export":["DatePickerComponent"]},{"from":"./datepicker.module","export":["DatepickerModule"]},{"from":"./daypicker.component","export":["DayPickerComponent"]},{"from":"./monthpicker.component","export":["MonthPickerComponent"]},{"from":"./yearpicker.component","export":["YearPickerComponent"]},{"from":"./date-formatter","export":["DateFormatter"]},{"from":"./datepicker.config","export":["DatepickerConfig"]},{"from":"./bs-datepicker.module","export":["BsDatepickerModule"]},{"from":"./bs-datepicker.component","export":["BsDatepickerComponent"]},{"from":"./bs-daterangepicker.component","export":["BsDaterangepickerComponent"]},{"from":"./bs-datepicker.config","export":["BsDatepickerConfig"]}]}]