[{"__symbolic":"module","version":3,"metadata":{"MiniState":{"__symbolic":"class","extends":{"__symbolic":"reference","module":"rxjs/BehaviorSubject","name":"BehaviorSubject"},"arity":1,"members":{"__ctor__":[{"__symbolic":"constructor","parameters":[{"__symbolic":"error","message":"Could not resolve type","line":11,"character":29,"context":{"typeName":"T"}},{"__symbolic":"reference","module":"rxjs/Observable","name":"Observable","arguments":[{"__symbolic":"reference","module":"./index","name":"Action"}]},{"__symbolic":"reference","module":"./index","name":"ActionReducer","arguments":[{"__symbolic":"error","message":"Could not resolve type","line":11,"character":95,"context":{"typeName":"T"}}]}]}]}}}},{"__symbolic":"module","version":1,"metadata":{"MiniState":{"__symbolic":"class","extends":{"__symbolic":"reference","module":"rxjs/BehaviorSubject","name":"BehaviorSubject"},"arity":1,"members":{"__ctor__":[{"__symbolic":"constructor","parameters":[{"__symbolic":"error","message":"Could not resolve type","line":11,"character":29,"context":{"typeName":"T"}},{"__symbolic":"reference","module":"rxjs/Observable","name":"Observable","arguments":[{"__symbolic":"reference","module":"./index","name":"Action"}]},{"__symbolic":"reference","module":"./index","name":"ActionReducer","arguments":[{"__symbolic":"error","message":"Could not resolve type","line":11,"character":95,"context":{"typeName":"T"}}]}]}]}}}}]