[{"__symbolic":"module","version":3,"metadata":{"MiniStore":{"__symbolic":"class","extends":{"__symbolic":"reference","module":"rxjs/Observable","name":"Observable","arguments":[{"__symbolic":"reference","name":"any"}]},"arity":1,"members":{"__ctor__":[{"__symbolic":"constructor","parameters":[{"__symbolic":"reference","module":"rxjs/Observer","name":"Observer","arguments":[{"__symbolic":"reference","module":"./index","name":"Action"}]},{"__symbolic":"reference","module":"./index","name":"ActionReducer","arguments":[{"__symbolic":"reference","name":"any"}]},{"__symbolic":"reference","module":"rxjs/Observable","name":"Observable","arguments":[{"__symbolic":"reference","name":"any"}]}]}],"select":[{"__symbolic":"method"}],"lift":[{"__symbolic":"method"}],"dispatch":[{"__symbolic":"method"}],"next":[{"__symbolic":"method"}],"error":[{"__symbolic":"method"}],"complete":[{"__symbolic":"method"}]}}}},{"__symbolic":"module","version":1,"metadata":{"MiniStore":{"__symbolic":"class","extends":{"__symbolic":"reference","module":"rxjs/Observable","name":"Observable","arguments":[{"__symbolic":"reference","name":"any"}]},"arity":1,"members":{"__ctor__":[{"__symbolic":"constructor","parameters":[{"__symbolic":"reference","module":"rxjs/Observer","name":"Observer","arguments":[{"__symbolic":"reference","module":"./index","name":"Action"}]},{"__symbolic":"reference","module":"./index","name":"ActionReducer","arguments":[{"__symbolic":"reference","name":"any"}]},{"__symbolic":"reference","module":"rxjs/Observable","name":"Observable","arguments":[{"__symbolic":"reference","name":"any"}]}]}],"select":[{"__symbolic":"method"}],"lift":[{"__symbolic":"method"}],"dispatch":[{"__symbolic":"method"}],"next":[{"__symbolic":"method"}],"error":[{"__symbolic":"method"}],"complete":[{"__symbolic":"method"}]}}}}]