[{"__symbolic":"module","version":3,"metadata":{"BsDatepickerActions":{"__symbolic":"class","decorators":[{"__symbolic":"call","expression":{"__symbolic":"reference","module":"@angular/core","name":"Injectable"}}],"members":{"calculate":[{"__symbolic":"method"}],"format":[{"__symbolic":"method"}],"flag":[{"__symbolic":"method"}],"select":[{"__symbolic":"method"}],"changeViewMode":[{"__symbolic":"method"}],"navigateTo":[{"__symbolic":"method"}],"navigateStep":[{"__symbolic":"method"}],"setOptions":[{"__symbolic":"method"}],"selectRange":[{"__symbolic":"method"}],"hoverDay":[{"__symbolic":"method"}],"minDate":[{"__symbolic":"method"}],"maxDate":[{"__symbolic":"method"}],"isDisabled":[{"__symbolic":"method"}]},"statics":{"CALCULATE":"[datepicker] calculate dates matrix","FORMAT":"[datepicker] format datepicker values","FLAG":"[datepicker] set flags","SELECT":"[datepicker] select date","NAVIGATE_OFFSET":"[datepicker] shift view date","NAVIGATE_TO":"[datepicker] change view date","SET_OPTIONS":"[datepicker] update render options","HOVER":"[datepicker] hover date","CHANGE_VIEWMODE":"[datepicker] switch view mode","SET_MIN_DATE":"[datepicker] set min date","SET_MAX_DATE":"[datepicker] set max date","SET_IS_DISABLED":"[datepicker] set is disabled","SELECT_RANGE":"[daterangepicker] select dates range"}}}},{"__symbolic":"module","version":1,"metadata":{"BsDatepickerActions":{"__symbolic":"class","decorators":[{"__symbolic":"call","expression":{"__symbolic":"reference","module":"@angular/core","name":"Injectable"}}],"members":{"calculate":[{"__symbolic":"method"}],"format":[{"__symbolic":"method"}],"flag":[{"__symbolic":"method"}],"select":[{"__symbolic":"method"}],"changeViewMode":[{"__symbolic":"method"}],"navigateTo":[{"__symbolic":"method"}],"navigateStep":[{"__symbolic":"method"}],"setOptions":[{"__symbolic":"method"}],"selectRange":[{"__symbolic":"method"}],"hoverDay":[{"__symbolic":"method"}],"minDate":[{"__symbolic":"method"}],"maxDate":[{"__symbolic":"method"}],"isDisabled":[{"__symbolic":"method"}]},"statics":{"CALCULATE":"[datepicker] calculate dates matrix","FORMAT":"[datepicker] format datepicker values","FLAG":"[datepicker] set flags","SELECT":"[datepicker] select date","NAVIGATE_OFFSET":"[datepicker] shift view date","NAVIGATE_TO":"[datepicker] change view date","SET_OPTIONS":"[datepicker] update render options","HOVER":"[datepicker] hover date","CHANGE_VIEWMODE":"[datepicker] switch view mode","SET_MIN_DATE":"[datepicker] set min date","SET_MAX_DATE":"[datepicker] set max date","SET_IS_DISABLED":"[datepicker] set is disabled","SELECT_RANGE":"[daterangepicker] select dates range"}}}}]