[{"__symbolic":"module","version":3,"metadata":{"BsDatepickerStore":{"__symbolic":"class","extends":{"__symbolic":"reference","module":"../../mini-ngrx/store.class","name":"MiniStore"},"decorators":[{"__symbolic":"call","expression":{"__symbolic":"reference","module":"@angular/core","name":"Injectable"}}],"members":{"__ctor__":[{"__symbolic":"constructor"}]}}}},{"__symbolic":"module","version":1,"metadata":{"BsDatepickerStore":{"__symbolic":"class","extends":{"__symbolic":"reference","module":"../../mini-ngrx/store.class","name":"MiniStore"},"decorators":[{"__symbolic":"call","expression":{"__symbolic":"reference","module":"@angular/core","name":"Injectable"}}],"members":{"__ctor__":[{"__symbolic":"constructor"}]}}}}]