[{"__symbolic":"module","version":3,"metadata":{"BsDatepickerViewState":{"__symbolic":"interface"},"BsDatepickerState":{"__symbolic":"class"},"initialDatepickerState":{"__symbolic":"call","expression":{"__symbolic":"select","expression":{"__symbolic":"reference","name":"Object"},"member":"assign"},"arguments":[{"__symbolic":"new","expression":{"__symbolic":"reference","module":"../bs-datepicker.config","name":"BsDatepickerConfig"}},{"view":{"date":{"__symbolic":"new","expression":{"__symbolic":"reference","name":"Date"}},"mode":"day"},"selectedRange":[],"monthViewOptions":{"__symbolic":"reference","module":"./_defaults","name":"defaultMonthOptions"}}]}}},{"__symbolic":"module","version":1,"metadata":{"BsDatepickerViewState":{"__symbolic":"interface"},"BsDatepickerState":{"__symbolic":"class"},"initialDatepickerState":{"__symbolic":"call","expression":{"__symbolic":"select","expression":{"__symbolic":"reference","name":"Object"},"member":"assign"},"arguments":[{"__symbolic":"new","expression":{"__symbolic":"reference","module":"../bs-datepicker.config","name":"BsDatepickerConfig"}},{"view":{"date":{"__symbolic":"new","expression":{"__symbolic":"reference","name":"Date"}},"mode":"day"},"selectedRange":[],"monthViewOptions":{"__symbolic":"reference","module":"./_defaults","name":"defaultMonthOptions"}}]}}}]