[{"__symbolic":"module","version":3,"metadata":{"BsDatepickerEffects":{"__symbolic":"class","decorators":[{"__symbolic":"call","expression":{"__symbolic":"reference","module":"@angular/core","name":"Injectable"}}],"members":{"__ctor__":[{"__symbolic":"constructor","parameters":[{"__symbolic":"reference","module":"./bs-datepicker.actions","name":"BsDatepickerActions"}]}],"init":[{"__symbolic":"method"}],"setValue":[{"__symbolic":"method"}],"setRangeValue":[{"__symbolic":"method"}],"setMinDate":[{"__symbolic":"method"}],"setMaxDate":[{"__symbolic":"method"}],"setDisabled":[{"__symbolic":"method"}],"setOptions":[{"__symbolic":"method"}],"setBindings":[{"__symbolic":"method"}],"setEventHandlers":[{"__symbolic":"method"}],"registerDatepickerSideEffects":[{"__symbolic":"method"}],"destroy":[{"__symbolic":"method"}]}}}},{"__symbolic":"module","version":1,"metadata":{"BsDatepickerEffects":{"__symbolic":"class","decorators":[{"__symbolic":"call","expression":{"__symbolic":"reference","module":"@angular/core","name":"Injectable"}}],"members":{"__ctor__":[{"__symbolic":"constructor","parameters":[{"__symbolic":"reference","module":"./bs-datepicker.actions","name":"BsDatepickerActions"}]}],"init":[{"__symbolic":"method"}],"setValue":[{"__symbolic":"method"}],"setRangeValue":[{"__symbolic":"method"}],"setMinDate":[{"__symbolic":"method"}],"setMaxDate":[{"__symbolic":"method"}],"setDisabled":[{"__symbolic":"method"}],"setOptions":[{"__symbolic":"method"}],"setBindings":[{"__symbolic":"method"}],"setEventHandlers":[{"__symbolic":"method"}],"registerDatepickerSideEffects":[{"__symbolic":"method"}],"destroy":[{"__symbolic":"method"}]}}}}]