{"__symbolic":"module","version":3,"metadata":{"PlatformModule":{"__symbolic":"class","decorators":[{"__symbolic":"call","expression":{"__symbolic":"reference","module":"@angular/core","name":"NgModule"},"arguments":[{"providers":[{"__symbolic":"reference","name":"Platform"}]}]}],"members":{}},"Platform":{"__symbolic":"class","decorators":[{"__symbolic":"call","expression":{"__symbolic":"reference","module":"@angular/core","name":"Injectable"}}],"members":{}},"getSupportedInputTypes":{"__symbolic":"function"}},"origins":{"PlatformModule":"./public_api","Platform":"./platform","getSupportedInputTypes":"./features"},"importAs":"@angular/cdk/platform"}