[{"__symbolic":"module","version":3,"metadata":{"AlertModule":{"__symbolic":"class","decorators":[{"__symbolic":"call","expression":{"__symbolic":"reference","module":"@angular/core","name":"NgModule"},"arguments":[{"imports":[{"__symbolic":"reference","module":"@angular/common","name":"CommonModule"}],"declarations":[{"__symbolic":"reference","module":"./alert.component","name":"AlertComponent"}],"exports":[{"__symbolic":"reference","module":"./alert.component","name":"AlertComponent"}],"entryComponents":[{"__symbolic":"reference","module":"./alert.component","name":"AlertComponent"}]}]}],"statics":{"forRoot":{"__symbolic":"function","parameters":[],"value":{"ngModule":{"__symbolic":"reference","name":"AlertModule"},"providers":[{"__symbolic":"reference","module":"./alert.config","name":"AlertConfig"}]}}}}}},{"__symbolic":"module","version":1,"metadata":{"AlertModule":{"__symbolic":"class","decorators":[{"__symbolic":"call","expression":{"__symbolic":"reference","module":"@angular/core","name":"NgModule"},"arguments":[{"imports":[{"__symbolic":"reference","module":"@angular/common","name":"CommonModule"}],"declarations":[{"__symbolic":"reference","module":"./alert.component","name":"AlertComponent"}],"exports":[{"__symbolic":"reference","module":"./alert.component","name":"AlertComponent"}],"entryComponents":[{"__symbolic":"reference","module":"./alert.component","name":"AlertComponent"}]}]}],"statics":{"forRoot":{"__symbolic":"function","parameters":[],"value":{"ngModule":{"__symbolic":"reference","name":"AlertModule"},"providers":[{"__symbolic":"reference","module":"./alert.config","name":"AlertConfig"}]}}}}}}]