[{"__symbolic":"module","version":3,"metadata":{"AlertComponent":{"__symbolic":"class","decorators":[{"__symbolic":"call","expression":{"__symbolic":"reference","module":"@angular/core","name":"Component"},"arguments":[{"selector":"alert,ngx-alert","template":"\n<template [ngIf]=\"!isClosed\">\n  <div [class]=\"'alert alert-' + type\" role=\"alert\" [ngClass]=\"classes\">\n    <template [ngIf]=\"dismissible\">\n      <button type=\"button\" class=\"close\" aria-label=\"Close\" (click)=\"close()\">\n        <span aria-hidden=\"true\">&times;</span>\n        <span class=\"sr-only\">Close</span>\n      </button>\n    </template>\n    <ng-content></ng-content>\n  </div>\n</template>\n  "}]}],"members":{"type":[{"__symbolic":"property","decorators":[{"__symbolic":"call","expression":{"__symbolic":"reference","module":"@angular/core","name":"Input"}}]}],"dismissible":[{"__symbolic":"property","decorators":[{"__symbolic":"call","expression":{"__symbolic":"reference","module":"../utils/decorators","name":"OnChange"}},{"__symbolic":"call","expression":{"__symbolic":"reference","module":"@angular/core","name":"Input"}}]}],"dismissOnTimeout":[{"__symbolic":"property","decorators":[{"__symbolic":"call","expression":{"__symbolic":"reference","module":"@angular/core","name":"Input"}}]}],"onClose":[{"__symbolic":"property","decorators":[{"__symbolic":"call","expression":{"__symbolic":"reference","module":"@angular/core","name":"Output"}}]}],"onClosed":[{"__symbolic":"property","decorators":[{"__symbolic":"call","expression":{"__symbolic":"reference","module":"@angular/core","name":"Output"}}]}],"__ctor__":[{"__symbolic":"constructor","parameters":[{"__symbolic":"reference","module":"./alert.config","name":"AlertConfig"}]}],"ngOnInit":[{"__symbolic":"method"}],"close":[{"__symbolic":"method"}]}}}},{"__symbolic":"module","version":1,"metadata":{"AlertComponent":{"__symbolic":"class","decorators":[{"__symbolic":"call","expression":{"__symbolic":"reference","module":"@angular/core","name":"Component"},"arguments":[{"selector":"alert,ngx-alert","template":"\n<template [ngIf]=\"!isClosed\">\n  <div [class]=\"'alert alert-' + type\" role=\"alert\" [ngClass]=\"classes\">\n    <template [ngIf]=\"dismissible\">\n      <button type=\"button\" class=\"close\" aria-label=\"Close\" (click)=\"close()\">\n        <span aria-hidden=\"true\">&times;</span>\n        <span class=\"sr-only\">Close</span>\n      </button>\n    </template>\n    <ng-content></ng-content>\n  </div>\n</template>\n  "}]}],"members":{"type":[{"__symbolic":"property","decorators":[{"__symbolic":"call","expression":{"__symbolic":"reference","module":"@angular/core","name":"Input"}}]}],"dismissible":[{"__symbolic":"property","decorators":[{"__symbolic":"call","expression":{"__symbolic":"reference","module":"../utils/decorators","name":"OnChange"}},{"__symbolic":"call","expression":{"__symbolic":"reference","module":"@angular/core","name":"Input"}}]}],"dismissOnTimeout":[{"__symbolic":"property","decorators":[{"__symbolic":"call","expression":{"__symbolic":"reference","module":"@angular/core","name":"Input"}}]}],"onClose":[{"__symbolic":"property","decorators":[{"__symbolic":"call","expression":{"__symbolic":"reference","module":"@angular/core","name":"Output"}}]}],"onClosed":[{"__symbolic":"property","decorators":[{"__symbolic":"call","expression":{"__symbolic":"reference","module":"@angular/core","name":"Output"}}]}],"__ctor__":[{"__symbolic":"constructor","parameters":[{"__symbolic":"reference","module":"./alert.config","name":"AlertConfig"}]}],"ngOnInit":[{"__symbolic":"method"}],"close":[{"__symbolic":"method"}]}}}}]