[{"__symbolic":"module","version":3,"metadata":{"RATING_CONTROL_VALUE_ACCESSOR":{"provide":{"__symbolic":"reference","module":"@angular/forms","name":"NG_VALUE_ACCESSOR"},"useExisting":{"__symbolic":"reference","name":"RatingComponent"},"multi":true},"RatingComponent":{"__symbolic":"class","decorators":[{"__symbolic":"call","expression":{"__symbolic":"reference","module":"@angular/core","name":"Component"},"arguments":[{"selector":"rating","template":"\n    <span (mouseleave)=\"reset()\" (keydown)=\"onKeydown($event)\" tabindex=\"0\" role=\"slider\" aria-valuemin=\"0\" [attr.aria-valuemax]=\"range.length\" [attr.aria-valuenow]=\"value\">\n      <template ngFor let-r [ngForOf]=\"range\" let-index=\"index\">\n        <span class=\"sr-only\">({{ index < value ? '*' : ' ' }})</span>\n        <i (mouseenter)=\"enter(index + 1)\" (click)=\"rate(index + 1)\" class=\"glyphicon\" [ngClass]=\"index < value ? r.stateOn : r.stateOff\" [title]=\"r.title\" ></i>\n      </template>\n    </span>\n  ","providers":[{"__symbolic":"reference","name":"RATING_CONTROL_VALUE_ACCESSOR"}]}]}],"members":{"max":[{"__symbolic":"property","decorators":[{"__symbolic":"call","expression":{"__symbolic":"reference","module":"@angular/core","name":"Input"}}]}],"stateOn":[{"__symbolic":"property","decorators":[{"__symbolic":"call","expression":{"__symbolic":"reference","module":"@angular/core","name":"Input"}}]}],"stateOff":[{"__symbolic":"property","decorators":[{"__symbolic":"call","expression":{"__symbolic":"reference","module":"@angular/core","name":"Input"}}]}],"readonly":[{"__symbolic":"property","decorators":[{"__symbolic":"call","expression":{"__symbolic":"reference","module":"@angular/core","name":"Input"}}]}],"titles":[{"__symbolic":"property","decorators":[{"__symbolic":"call","expression":{"__symbolic":"reference","module":"@angular/core","name":"Input"}}]}],"ratingStates":[{"__symbolic":"property","decorators":[{"__symbolic":"call","expression":{"__symbolic":"reference","module":"@angular/core","name":"Input"}}]}],"onHover":[{"__symbolic":"property","decorators":[{"__symbolic":"call","expression":{"__symbolic":"reference","module":"@angular/core","name":"Output"}}]}],"onLeave":[{"__symbolic":"property","decorators":[{"__symbolic":"call","expression":{"__symbolic":"reference","module":"@angular/core","name":"Output"}}]}],"onKeydown":[{"__symbolic":"method","decorators":[{"__symbolic":"call","expression":{"__symbolic":"reference","module":"@angular/core","name":"HostListener"},"arguments":["keydown",["$event"]]}]}],"ngOnInit":[{"__symbolic":"method"}],"writeValue":[{"__symbolic":"method"}],"enter":[{"__symbolic":"method"}],"reset":[{"__symbolic":"method"}],"registerOnChange":[{"__symbolic":"method"}],"registerOnTouched":[{"__symbolic":"method"}],"rate":[{"__symbolic":"method"}],"buildTemplateObjects":[{"__symbolic":"method"}]}}}},{"__symbolic":"module","version":1,"metadata":{"RATING_CONTROL_VALUE_ACCESSOR":{"provide":{"__symbolic":"reference","module":"@angular/forms","name":"NG_VALUE_ACCESSOR"},"useExisting":{"__symbolic":"reference","name":"RatingComponent"},"multi":true},"RatingComponent":{"__symbolic":"class","decorators":[{"__symbolic":"call","expression":{"__symbolic":"reference","module":"@angular/core","name":"Component"},"arguments":[{"selector":"rating","template":"\n    <span (mouseleave)=\"reset()\" (keydown)=\"onKeydown($event)\" tabindex=\"0\" role=\"slider\" aria-valuemin=\"0\" [attr.aria-valuemax]=\"range.length\" [attr.aria-valuenow]=\"value\">\n      <template ngFor let-r [ngForOf]=\"range\" let-index=\"index\">\n        <span class=\"sr-only\">({{ index < value ? '*' : ' ' }})</span>\n        <i (mouseenter)=\"enter(index + 1)\" (click)=\"rate(index + 1)\" class=\"glyphicon\" [ngClass]=\"index < value ? r.stateOn : r.stateOff\" [title]=\"r.title\" ></i>\n      </template>\n    </span>\n  ","providers":[{"__symbolic":"reference","name":"RATING_CONTROL_VALUE_ACCESSOR"}]}]}],"members":{"max":[{"__symbolic":"property","decorators":[{"__symbolic":"call","expression":{"__symbolic":"reference","module":"@angular/core","name":"Input"}}]}],"stateOn":[{"__symbolic":"property","decorators":[{"__symbolic":"call","expression":{"__symbolic":"reference","module":"@angular/core","name":"Input"}}]}],"stateOff":[{"__symbolic":"property","decorators":[{"__symbolic":"call","expression":{"__symbolic":"reference","module":"@angular/core","name":"Input"}}]}],"readonly":[{"__symbolic":"property","decorators":[{"__symbolic":"call","expression":{"__symbolic":"reference","module":"@angular/core","name":"Input"}}]}],"titles":[{"__symbolic":"property","decorators":[{"__symbolic":"call","expression":{"__symbolic":"reference","module":"@angular/core","name":"Input"}}]}],"ratingStates":[{"__symbolic":"property","decorators":[{"__symbolic":"call","expression":{"__symbolic":"reference","module":"@angular/core","name":"Input"}}]}],"onHover":[{"__symbolic":"property","decorators":[{"__symbolic":"call","expression":{"__symbolic":"reference","module":"@angular/core","name":"Output"}}]}],"onLeave":[{"__symbolic":"property","decorators":[{"__symbolic":"call","expression":{"__symbolic":"reference","module":"@angular/core","name":"Output"}}]}],"onKeydown":[{"__symbolic":"method","decorators":[{"__symbolic":"call","expression":{"__symbolic":"reference","module":"@angular/core","name":"HostListener"},"arguments":["keydown",["$event"]]}]}],"ngOnInit":[{"__symbolic":"method"}],"writeValue":[{"__symbolic":"method"}],"enter":[{"__symbolic":"method"}],"reset":[{"__symbolic":"method"}],"registerOnChange":[{"__symbolic":"method"}],"registerOnTouched":[{"__symbolic":"method"}],"rate":[{"__symbolic":"method"}],"buildTemplateObjects":[{"__symbolic":"method"}]}}}}]