[{"__symbolic":"module","version":3,"metadata":{"RatingModule":{"__symbolic":"class","decorators":[{"__symbolic":"call","expression":{"__symbolic":"reference","module":"@angular/core","name":"NgModule"},"arguments":[{"imports":[{"__symbolic":"reference","module":"@angular/common","name":"CommonModule"}],"declarations":[{"__symbolic":"reference","module":"./rating.component","name":"RatingComponent"}],"exports":[{"__symbolic":"reference","module":"./rating.component","name":"RatingComponent"}]}]}],"statics":{"forRoot":{"__symbolic":"function","parameters":[],"value":{"ngModule":{"__symbolic":"reference","name":"RatingModule"},"providers":[]}}}}}},{"__symbolic":"module","version":1,"metadata":{"RatingModule":{"__symbolic":"class","decorators":[{"__symbolic":"call","expression":{"__symbolic":"reference","module":"@angular/core","name":"NgModule"},"arguments":[{"imports":[{"__symbolic":"reference","module":"@angular/common","name":"CommonModule"}],"declarations":[{"__symbolic":"reference","module":"./rating.component","name":"RatingComponent"}],"exports":[{"__symbolic":"reference","module":"./rating.component","name":"RatingComponent"}]}]}],"statics":{"forRoot":{"__symbolic":"function","parameters":[],"value":{"ngModule":{"__symbolic":"reference","name":"RatingModule"},"providers":[]}}}}}}]